Date,Cycle Indicator Global,Eurozone Retail Sales,Eurozone Industrial Production exconstr,Eurozone Industrial Production manuf,US Privately Owned Housing Starts,US HomeBuilders Market Index,US Real Personal Income,US Real Personal Income exTrans,US Indus Prod Index,Adv Retail Sales US exFood Services,US JoblessClaims Seasonally Adjusted,US U6 Unemp Rate,World EPS forecast 3M Change,US M1 Growth YOY,RealUS M1 Growth YOY,FED Excess Reserves,Fed Balance Sheet,ECB Balance Sheet,Real Yield US,US 10yr Rate,Germany 10yr Rate,EU 10Y 2Y Curve,US 10Y 2Y Curve,Fed Fwd 6 Month,Fed Fwd 12 Month,Chinese Oil Imports,Japanese Export China,Industrial Metal Prices,US Core CPI,Inflation Surprise Global,US Breakeven Inflation,US PCE YOY, US Financial Conditions Index A, US Financial Conditions Index B, EU Financial Conditions Index A, EU Financial Conditions Index B,US IG Spreads,US HY Spreads,EU IG Spreads,EU HY Spreads,US Credit Standards,Global Equity 3 Month Momentum,Global Equity 6 Month Momentum,Global Equity 12 Month Momentum,Vix Index,Commercial Paper Spread,V2x Index,Eonia Spread,Equity Risk Premia,Sentiment Macro Fundamentals Global News Social,Sentiment Consumer Sentiment Global News Social,Sentiment Economic Growth Global News Social,Sentiment Trade Balance Global News Social,Sentiment environmental composite GLOBAL News,Sentiment social composite GLOBAL News,Sentiment governance composite GLOBAL News,Sentiment governance composite GLOBAL News Social,Sentiment social composite GLOBAL News Social,Sentiment environmental composite GLOBAL News Social
1/31/2000,0.80,89.80,91.40,89.60,-1.50,71.00,9198.90,8026.00,90.60,243994.90,287.60,7.20,0.40,2.00,0.00,13.60,594206.70,745.30,4.20,6.20,5.10,122.70,20.80,5.80,5.20,1.20,0.00,115.70,2.00,-2.90,1.90,1.40,98.50,-0.10,98.90,0.10,200.50,3.60,0.00,0.10,7.10,0.00,0.10,0.20,23.20,58.50,26.20,2.90,1.40,0.70,0.90,1.40,0.10,0.30,0.10,0.50,1.00,0.30,0.10
2/29/2000,0.80,90.00,91.70,89.80,-2.90,70.40,9260.60,8085.40,90.90,245984.40,289.50,7.20,0.60,1.80,0.00,13.20,591664.50,748.70,4.30,6.30,5.20,118.60,12.70,5.90,5.20,1.50,-0.10,117.70,2.00,-0.60,2.00,1.40,98.50,0.00,98.70,0.10,194.30,3.60,0.00,0.10,7.60,0.00,0.10,0.20,23.30,49.80,27.30,3.00,1.40,0.70,0.80,1.50,0.10,0.30,0.00,0.60,1.20,0.30,0.10
3/31/2000,0.90,90.30,91.80,89.80,-0.90,69.70,9310.30,8133.70,91.30,248540.80,285.20,7.10,0.70,1.50,0.00,13.30,588879.50,754.60,4.30,6.30,5.30,108.80,0.30,6.10,5.20,1.80,0.00,118.80,2.10,1.50,2.00,1.50,98.50,0.10,98.50,0.20,200.00,3.70,0.00,0.10,7.60,0.00,0.10,0.20,23.20,41.80,27.70,3.10,1.40,0.60,0.60,1.40,0.00,0.20,-0.10,0.70,1.20,0.20,0.00
4/30/2000,0.90,90.50,92.20,90.30,-2.40,68.10,9358.60,8177.80,91.60,251236.00,280.60,7.10,0.90,1.50,0.00,13.50,590164.30,760.30,4.20,6.20,5.30,100.50,-11.10,6.20,5.20,1.50,0.00,118.10,2.20,4.10,2.00,1.60,98.50,0.00,98.30,0.20,210.90,3.70,0.00,0.10,7.60,0.00,0.10,0.20,24.20,41.10,27.90,3.30,1.40,0.30,0.70,1.00,-0.10,0.40,-0.40,0.60,1.10,-0.10,0.20
5/31/2000,0.90,90.80,92.60,90.70,-0.40,66.60,9401.10,8209.40,92.00,252200.60,281.20,7.10,1.00,1.10,0.00,13.80,589079.50,765.10,4.20,6.30,5.30,84.10,-18.60,6.40,5.20,1.30,0.00,118.90,2.20,5.80,2.10,1.60,98.70,-0.30,98.20,0.20,221.80,3.70,0.00,0.20,11.60,0.00,0.10,0.20,24.80,50.10,27.90,3.50,1.40,0.20,0.50,0.60,-0.10,0.30,-0.50,0.40,1.10,-0.20,0.00
6/30/2000,0.80,91.20,93.20,91.30,-0.90,65.60,9437.70,8241.80,92.40,253093.30,283.10,7.10,1.00,0.90,0.00,13.60,588471.60,771.30,4.20,6.20,5.30,67.20,-23.90,6.60,5.20,1.00,0.10,118.50,2.30,6.10,2.10,1.70,98.70,-0.40,98.20,0.10,226.90,3.80,0.00,0.20,11.60,0.00,0.00,0.10,23.80,60.40,26.50,3.70,1.40,0.30,0.60,0.60,-0.10,0.20,-0.40,0.40,1.10,-0.10,0.00
7/31/2000,0.70,91.30,94.00,92.10,-0.70,63.40,9476.90,8277.30,92.70,253921.80,286.30,7.00,1.00,0.70,0.00,13.60,587305.70,777.50,4.20,6.20,5.30,53.10,-25.10,6.60,5.20,1.00,0.20,119.20,2.30,6.40,2.10,1.70,98.70,-0.40,98.20,0.20,227.70,3.80,0.00,0.20,11.60,0.00,0.00,0.10,22.70,57.50,25.00,3.90,1.40,0.30,0.70,0.70,0.00,0.30,-0.50,0.30,0.90,-0.10,0.10
8/31/2000,0.70,91.50,94.20,92.40,-4.00,62.20,9516.30,8311.70,92.80,254893.60,292.30,7.10,0.90,0.50,0.00,13.60,586105.60,781.60,4.10,6.10,5.20,37.80,-29.40,6.60,5.20,1.10,0.20,120.30,2.40,7.90,2.00,1.70,98.70,-0.20,98.20,0.10,232.60,4.20,0.10,1.50,14.30,0.00,0.00,0.10,21.30,49.70,23.70,4.10,1.40,0.10,0.60,0.60,-0.10,0.50,-0.40,0.10,0.60,-0.10,0.30
9/30/2000,0.70,91.60,94.70,92.90,-4.70,61.50,9546.20,8337.80,92.90,255600.50,296.90,7.00,0.70,0.50,0.00,13.60,586234.90,788.70,4.10,6.00,5.20,31.50,-28.80,6.60,5.20,1.00,0.20,122.70,2.40,7.00,1.90,1.80,98.80,-0.20,98.10,0.10,238.80,4.70,0.30,3.10,14.30,0.00,0.00,0.10,20.90,47.50,23.10,4.20,1.40,0.10,0.40,0.20,-0.20,0.40,-0.40,0.10,0.50,-0.20,0.20
10/31/2000,0.70,91.80,95.00,93.20,-5.60,61.10,9566.90,8355.50,93.00,256800.70,297.60,7.00,0.40,0.20,0.00,13.60,586356.00,796.80,4.10,5.90,5.20,27.50,-25.30,6.50,5.20,0.90,0.30,122.30,2.50,7.90,1.90,1.80,99.00,-0.30,98.10,-0.10,245.20,5.30,0.40,5.00,14.30,0.00,0.00,0.10,22.20,42.80,24.00,4.40,1.50,-0.10,0.30,0.00,-0.20,0.40,-0.30,0.30,0.70,0.00,0.20
11/30/2000,0.70,92.10,95.30,93.60,-5.00,61.40,9579.30,8367.10,93.00,257521.90,303.70,7.00,-0.20,-0.30,0.00,13.80,589186.70,804.60,4.00,5.80,5.20,24.50,-22.20,6.50,5.20,1.20,0.30,121.00,2.50,9.20,1.90,1.80,99.10,-0.40,98.00,-0.20,248.50,6.00,0.50,6.60,22.10,0.00,0.00,0.00,23.40,38.70,24.50,4.50,1.50,-0.30,0.10,-0.30,-0.20,0.30,-0.50,0.20,0.40,-0.30,0.20
12/31/2000,0.50,92.40,95.60,94.00,-5.30,61.80,9594.50,8376.20,93.00,257636.50,316.70,7.00,-1.00,-1.10,0.00,13.90,593976.80,818.50,4.00,5.70,5.10,25.10,-18.40,6.30,5.20,1.00,0.30,121.40,2.50,10.30,1.80,1.80,99.20,-0.70,98.10,-0.10,256.60,6.70,0.60,8.00,22.10,0.00,0.00,0.00,24.30,42.10,24.90,4.60,1.60,-0.40,-0.10,-0.50,-0.40,0.00,-0.60,0.10,0.20,-0.50,0.00
1/31/2001,0.30,92.60,96.00,94.50,-6.70,60.40,9622.70,8394.20,92.90,257734.40,324.10,7.10,-1.80,-1.40,0.00,14.00,597553.30,825.70,3.80,5.50,5.00,29.50,-0.90,6.00,5.20,0.90,0.30,121.20,2.50,9.60,1.70,1.80,99.30,-0.70,98.20,-0.10,262.00,7.00,0.70,8.80,22.10,0.00,-0.10,0.00,24.40,38.70,24.70,4.60,1.60,-0.40,-0.30,-0.60,-0.20,0.00,-0.50,0.20,0.20,-0.40,-0.20
2/28/2001,0.10,93.10,96.50,95.20,-5.40,58.00,9650.20,8412.70,92.70,258817.40,335.00,7.10,-2.20,-1.20,0.00,13.90,599299.30,829.20,3.70,5.40,5.00,30.90,11.90,5.60,5.20,0.60,0.40,120.80,2.60,11.30,1.70,1.90,99.30,-0.60,98.30,-0.10,266.10,6.90,0.70,9.00,31.20,0.00,-0.10,-0.10,24.20,34.80,23.80,4.70,1.70,-0.40,-0.20,-0.70,-0.40,0.00,-0.60,0.20,0.30,-0.50,-0.10
3/31/2001,0.00,93.30,96.60,95.30,-5.70,58.00,9678.10,8431.20,92.40,259717.90,351.80,7.20,-2.60,-0.80,0.00,13.80,600891.10,831.20,3.60,5.20,4.90,34.70,25.10,5.30,5.20,0.40,0.40,119.60,2.60,12.10,1.70,1.90,99.60,-0.80,98.40,-0.20,275.30,7.00,0.70,9.50,31.20,0.00,-0.10,-0.10,25.50,34.50,24.60,4.80,1.80,-0.50,-0.20,-0.70,-0.40,-0.10,-0.70,0.10,0.10,-0.60,-0.20
4/30/2001,-0.20,93.40,96.80,95.50,-4.30,58.60,9689.50,8430.90,92.10,259997.00,363.00,7.20,-3.10,-0.60,0.00,13.80,602572.80,832.60,3.50,5.20,4.90,39.30,44.00,5.00,5.20,0.20,0.40,118.20,2.60,12.50,1.70,1.90,99.80,-1.00,98.50,-0.20,280.00,7.00,0.70,10.10,31.20,-0.10,-0.10,-0.10,26.10,39.90,25.10,4.80,1.90,-0.40,-0.20,-0.60,-0.40,-0.30,-0.90,0.10,0.00,-0.80,-0.40
5/31/2001,-0.30,93.60,96.80,95.50,-2.70,58.70,9690.20,8422.00,91.80,261323.30,371.80,7.30,-3.90,-0.10,0.00,14.00,606979.80,829.10,3.50,5.30,4.90,48.40,65.40,4.60,5.20,0.20,0.40,117.90,2.60,12.30,1.80,2.00,99.80,-0.90,98.50,-0.10,277.00,6.90,0.70,10.30,34.00,-0.10,-0.10,-0.20,25.20,36.80,23.90,4.80,1.90,-0.40,-0.10,-0.60,-0.40,-0.20,-0.80,0.10,0.20,-0.80,-0.30
6/30/2001,-0.30,93.70,96.60,95.00,-1.40,58.50,9688.60,8413.10,91.40,262255.80,381.60,7.50,-4.40,0.60,0.00,14.10,607927.80,830.80,3.40,5.30,5.00,55.90,80.90,4.30,5.20,0.20,0.30,116.10,2.60,12.00,1.90,2.00,99.90,-0.70,98.50,0.00,275.50,6.90,0.70,10.40,34.00,0.00,-0.10,-0.20,24.00,31.10,23.30,4.70,1.90,-0.30,0.20,-0.70,-0.40,0.10,-0.90,0.00,0.10,-0.80,-0.10
7/31/2001,-0.40,93.80,96.50,94.80,0.40,58.60,9689.30,8407.90,91.00,263324.40,385.80,7.60,-4.80,1.30,0.00,14.30,611651.60,836.30,3.40,5.20,5.00,62.20,92.60,4.10,5.20,0.20,0.30,113.10,2.60,9.90,1.80,2.00,100.00,-0.60,98.50,-0.10,275.90,7.00,0.70,10.70,34.00,0.00,-0.10,-0.20,23.50,23.70,23.80,4.70,1.90,-0.50,0.00,-0.80,-0.60,0.10,-0.90,-0.40,-0.10,-0.80,-0.10
8/31/2001,-0.40,93.90,96.40,94.70,4.30,58.20,9689.00,8405.30,90.60,263674.60,389.70,7.80,-5.30,2.20,0.00,14.50,616677.40,837.20,3.40,5.20,4.90,67.50,102.00,3.90,5.20,0.10,0.20,109.80,2.60,6.80,1.80,2.00,100.00,-0.50,98.60,-0.20,280.00,7.00,0.70,11.10,28.60,0.00,-0.10,-0.20,23.00,16.80,24.30,4.60,2.00,-0.70,-0.10,-0.90,-0.70,0.30,-0.80,-0.30,0.00,-0.80,0.00
9/30/2001,-0.50,94.00,95.80,94.10,3.60,58.40,9694.40,8404.50,90.20,264287.30,397.30,8.00,-5.80,4.30,0.00,20.10,628588.30,831.70,3.30,5.00,4.90,81.00,119.20,3.50,5.20,0.00,0.20,106.60,2.70,3.00,1.70,2.00,100.20,-0.80,98.80,-0.60,292.40,7.20,0.80,11.80,28.60,0.00,-0.10,-0.20,25.60,15.60,29.50,4.40,2.20,-0.90,-0.40,-0.90,-0.80,0.40,-0.70,-0.20,0.10,-0.70,0.20
10/31/2001,-0.70,94.10,96.10,94.40,3.60,57.40,9696.10,8394.00,89.90,263250.90,420.40,8.40,-6.80,4.80,0.00,20.00,632661.40,823.00,3.30,4.90,4.80,95.10,139.40,3.10,5.20,-0.10,0.10,102.70,2.60,1.10,1.60,1.80,100.30,-0.90,98.90,-0.70,304.60,7.60,0.80,13.00,28.60,-0.10,-0.10,-0.20,27.80,13.30,33.10,4.30,2.40,-0.90,-0.60,-0.80,-0.90,0.40,-0.60,-0.40,-0.10,-0.50,0.30
11/30/2001,-0.70,93.90,95.90,94.10,2.40,54.20,9703.50,8389.70,89.50,268064.10,432.00,8.70,-8.20,5.50,0.00,19.30,636440.80,815.60,3.20,4.80,4.70,102.10,153.30,2.70,5.20,-0.10,0.10,101.30,2.60,-2.20,1.60,1.80,100.30,-0.90,98.90,-0.80,308.40,7.80,0.90,13.40,33.20,-0.10,-0.10,-0.20,27.40,12.10,33.10,4.10,2.50,-0.80,-0.30,-0.50,-0.70,0.30,-0.50,-0.20,-0.10,-0.40,0.30
12/31/2001,-0.70,94.30,95.40,93.70,2.60,52.40,9717.60,8391.70,89.10,267725.80,429.60,8.90,-9.20,6.40,0.00,19.00,641583.50,813.00,3.30,4.90,4.70,107.80,165.50,2.50,5.20,-0.20,0.10,100.70,2.70,-4.90,1.60,1.80,100.30,-0.90,98.90,-0.80,306.20,7.70,0.90,13.30,33.20,0.00,-0.10,-0.20,26.40,11.30,32.00,3.90,2.40,-0.70,0.10,-0.30,-0.40,0.20,-0.40,-0.30,-0.20,-0.30,0.10
1/31/2002,-0.60,94.50,94.90,93.00,2.50,53.10,9735.70,8396.80,88.80,267702.10,423.90,9.10,-8.90,7.00,0.10,19.10,648837.10,828.30,3.40,4.90,4.80,109.20,175.80,2.30,5.20,-0.20,0.00,101.10,2.70,-8.60,1.60,1.80,100.40,-0.80,98.90,-0.70,301.00,7.50,0.90,13.10,33.20,0.00,-0.10,-0.20,25.20,9.30,30.50,3.70,2.30,-0.80,0.40,-0.10,-0.30,0.20,-0.20,-0.40,-0.10,-0.10,0.20
2/28/2002,-0.50,94.20,94.70,92.70,3.60,54.50,9747.30,8399.30,88.80,267769.50,418.20,9.20,-8.00,7.30,0.10,18.90,651374.60,818.70,3.40,4.90,4.80,108.80,179.70,2.20,5.20,-0.10,0.10,101.60,2.70,-10.90,1.60,1.70,100.40,-0.80,98.90,-0.70,300.40,7.40,0.90,12.90,32.30,0.00,-0.10,-0.20,24.60,8.20,29.60,3.60,2.30,-0.50,0.40,-0.10,-0.20,0.20,-0.40,-0.50,-0.20,-0.30,0.20
3/31/2002,-0.30,94.30,94.60,92.50,6.10,55.50,9752.70,8399.90,88.70,267964.80,412.90,9.30,-6.90,7.40,0.10,18.90,653907.70,809.30,3.40,5.00,4.90,106.50,177.80,2.30,5.50,-0.10,0.00,103.20,2.60,-13.00,1.70,1.60,100.50,-0.70,98.90,-0.60,295.60,7.20,0.90,12.80,32.30,0.00,0.00,-0.20,23.00,7.90,27.70,3.50,2.20,-0.40,0.50,-0.10,-0.40,0.20,-0.90,-0.40,-0.10,-0.90,0.20
4/30/2002,-0.20,94.50,94.50,92.60,5.30,57.40,9758.70,8397.50,88.90,268460.90,420.00,9.40,-5.80,7.10,0.10,19.10,656912.40,803.10,3.30,5.10,5.00,105.10,179.50,2.30,5.50,0.00,0.10,104.00,2.60,-14.10,1.80,1.60,100.50,-0.60,98.90,-0.50,292.10,7.00,0.90,12.50,32.30,0.00,0.00,-0.20,22.10,8.70,26.40,3.40,2.20,-0.50,0.20,0.00,-0.10,0.10,-1.00,-0.20,0.00,-0.90,0.00
5/31/2002,-0.10,94.60,94.80,92.90,2.80,58.40,9766.60,8399.20,89.20,269488.30,416.70,9.40,-4.70,6.90,0.10,19.20,663334.20,798.20,3.20,5.10,5.10,102.20,183.20,2.20,5.50,0.00,0.10,103.90,2.60,-14.20,1.90,1.60,100.60,-0.60,99.00,-0.50,293.10,6.80,0.90,12.20,22.00,0.00,0.00,-0.10,21.50,7.80,26.10,3.40,2.30,-0.50,0.10,0.10,0.10,0.10,-0.90,-0.10,0.10,-0.80,-0.10
6/30/2002,-0.10,94.70,94.90,92.90,4.80,59.20,9777.10,8405.10,89.50,269361.70,409.30,9.50,-3.90,6.60,0.10,18.90,667774.40,794.90,3.20,5.00,5.00,100.40,186.70,2.20,5.50,0.00,0.10,104.60,2.50,-14.70,1.80,1.60,100.70,-0.60,99.20,-0.50,296.80,6.90,0.90,11.90,22.00,0.00,0.00,-0.10,22.60,7.60,28.00,3.40,2.40,-0.70,0.00,0.00,0.30,0.30,-0.70,-0.10,0.20,-0.60,0.10
7/31/2002,-0.10,94.70,95.00,93.00,4.90,59.70,9773.50,8398.20,89.90,269914.90,403.00,9.50,-3.50,6.20,0.00,18.70,672515.30,788.70,3.10,4.90,5.00,101.80,194.70,2.10,5.50,0.00,0.20,104.30,2.50,-14.50,1.80,1.60,101.00,-0.90,99.40,-0.80,306.60,7.30,1.00,11.70,22.00,0.00,0.00,-0.10,26.00,7.20,34.30,3.40,2.50,-0.90,-0.20,-0.30,0.20,0.30,-0.90,-0.10,0.00,-0.80,0.10
8/31/2002,-0.20,94.90,95.30,93.30,3.20,60.10,9766.80,8389.50,90.20,271553.20,398.80,9.50,-3.60,5.40,0.00,18.70,675560.40,781.60,2.90,4.70,4.90,103.20,199.50,1.90,5.80,0.10,0.30,102.50,2.40,-14.20,1.80,1.60,101.20,-1.10,99.50,-1.00,314.60,8.00,1.00,11.90,19.40,-0.10,-0.10,-0.20,28.20,7.20,37.90,3.30,2.60,-1.00,-0.40,-0.50,0.10,0.90,-0.80,-0.20,-0.20,-0.70,0.70
9/30/2002,-0.20,95.10,95.30,93.20,3.50,58.60,9760.80,8380.40,90.30,273444.60,400.80,9.50,-4.00,3.60,0.00,18.80,678174.80,777.90,2.70,4.50,4.70,106.30,196.60,1.80,6.00,0.10,0.30,101.30,2.40,-12.80,1.70,1.60,101.40,-1.40,99.70,-1.30,325.70,8.30,1.10,11.90,19.40,-0.10,-0.10,-0.10,30.80,7.90,42.60,3.30,2.70,-1.10,-0.70,-0.70,0.20,0.70,-0.90,-0.40,-0.30,-0.80,0.50
10/31/2002,-0.30,95.30,95.40,93.40,6.90,59.90,9757.20,8374.50,90.50,273719.00,402.40,9.60,-4.80,3.50,0.00,18.90,680746.20,779.30,2.60,4.30,4.70,114.20,198.80,1.70,7.50,0.10,0.40,100.50,2.30,-11.80,1.70,1.80,101.60,-1.60,99.80,-1.50,342.20,8.90,1.20,12.40,19.40,-0.10,-0.10,-0.20,32.10,9.20,45.60,3.30,2.80,-1.20,-0.90,-0.70,0.10,0.50,-0.60,-0.30,-0.30,-0.60,0.30
11/30/2002,-0.30,95.50,95.50,93.50,7.00,60.20,9757.50,8373.00,90.50,273747.60,401.30,9.60,-5.40,3.50,0.00,19.30,683822.50,780.90,2.60,4.20,4.60,122.10,202.80,1.60,7.20,0.20,0.50,101.40,2.30,-9.10,1.60,1.80,101.50,-1.60,99.90,-1.40,346.00,9.00,1.20,12.40,18.20,-0.10,-0.20,-0.20,31.00,10.30,44.20,3.30,2.80,-1.10,-0.50,-0.40,0.30,0.30,-0.40,-0.30,-0.30,-0.30,0.20
12/31/2002,-0.30,95.50,95.50,93.30,7.70,60.70,9765.20,8376.40,90.70,273953.10,402.60,9.70,-5.70,3.40,0.00,19.80,692122.10,792.50,2.50,4.20,4.50,129.20,208.10,1.50,7.00,0.30,0.50,102.10,2.20,-7.50,1.60,1.80,101.50,-1.60,100.00,-1.30,345.20,8.90,1.20,11.90,18.20,0.00,-0.10,-0.20,30.20,11.00,44.30,3.30,2.90,-0.80,-0.40,-0.30,0.30,0.40,-0.20,-0.30,-0.20,-0.20,0.20
1/31/2003,-0.30,95.30,95.60,93.60,9.50,61.40,9764.00,8372.00,90.70,275399.40,401.00,9.70,-5.40,3.30,0.00,20.10,703522.20,789.50,2.40,4.10,4.40,136.20,214.60,1.40,6.40,0.30,0.50,103.50,2.10,-7.50,1.70,1.80,101.50,-1.60,100.10,-1.30,341.50,8.60,1.10,10.90,18.20,0.00,-0.10,-0.20,29.50,10.50,44.60,3.10,3.00,-0.80,-0.30,-0.10,0.40,0.10,-0.10,0.20,0.30,0.00,-0.10
2/28/2003,-0.40,95.30,95.20,93.30,9.40,61.50,9760.80,8367.60,90.90,275834.10,403.60,9.80,-4.60,3.50,0.00,20.30,708989.30,787.80,2.30,4.10,4.30,140.90,218.10,1.30,6.40,0.40,0.50,105.10,2.10,-6.60,1.70,1.80,101.50,-1.60,100.20,-1.20,335.10,8.40,1.10,10.20,18.80,0.00,-0.10,-0.20,30.20,9.70,44.60,3.00,3.10,-0.80,-0.40,-0.20,0.20,0.10,0.00,0.60,0.60,0.00,-0.10
3/31/2003,-0.50,95.40,95.50,93.40,3.60,62.00,9767.10,8371.20,91.10,275631.50,409.90,9.90,-4.00,3.60,0.00,20.60,713529.60,790.90,2.20,4.00,4.20,146.30,220.10,1.30,6.50,0.50,0.50,105.70,2.00,-3.50,1.80,1.80,101.50,-1.60,100.30,-1.20,329.40,8.20,1.10,9.80,18.80,0.00,-0.10,-0.20,30.30,8.70,45.40,2.90,3.20,-0.80,-0.60,-0.20,0.20,0.10,-0.10,0.70,0.80,-0.10,-0.20
4/30/2003,-0.50,95.30,95.70,93.40,4.00,60.30,9784.90,8385.70,91.10,277473.70,415.60,10.00,-3.80,4.10,0.00,21.10,722096.90,788.20,2.10,4.00,4.20,151.50,223.80,1.20,6.50,0.40,0.50,105.00,1.90,-0.10,1.80,1.80,101.40,-1.40,100.30,-1.00,318.50,7.80,1.00,9.20,18.80,0.00,-0.10,-0.20,28.40,8.50,43.00,2.80,3.30,-0.80,-0.60,-0.30,0.10,0.00,-0.10,0.80,0.80,-0.10,-0.10
5/31/2003,-0.40,95.40,95.60,93.40,3.80,58.80,9820.60,8417.00,91.00,278306.00,420.10,10.00,-3.70,4.80,0.00,21.60,727091.20,785.50,2.00,3.80,4.10,154.40,221.10,1.20,6.00,0.40,0.60,105.70,1.80,-0.30,1.80,1.70,101.10,-1.30,100.40,-0.90,308.40,7.40,1.00,8.40,12.50,0.00,0.00,-0.20,26.10,9.20,39.90,2.80,3.40,-0.90,-0.70,-0.40,0.10,0.00,0.00,0.90,0.80,0.00,-0.20
6/30/2003,-0.40,95.50,95.70,93.40,2.50,59.10,9854.30,8445.10,90.90,278581.50,421.10,10.10,-3.50,5.50,0.00,21.90,730799.00,788.80,1.90,3.70,4.00,156.80,218.50,1.10,4.60,0.30,0.50,106.60,1.70,-1.40,1.80,1.70,100.80,-1.10,100.30,-0.70,302.30,7.00,0.90,7.60,12.50,0.00,0.00,-0.20,24.40,9.30,36.50,2.60,3.40,-0.90,-0.70,-0.40,0.20,-0.20,-0.10,0.90,0.90,-0.10,-0.30
7/31/2003,-0.20,95.40,95.20,93.00,4.30,60.20,9873.50,8459.40,90.80,279259.60,420.30,10.20,-3.10,6.10,0.00,22.30,734924.40,793.90,1.90,3.80,4.00,163.10,228.30,1.00,3.60,0.30,0.50,107.90,1.70,-3.30,1.80,1.60,100.70,-1.00,100.30,-0.40,291.60,6.50,0.80,6.80,12.50,0.00,0.00,-0.10,22.90,10.10,33.50,2.40,3.40,-0.80,-0.30,-0.20,0.20,-0.20,-0.10,1.00,1.10,0.00,-0.40
8/31/2003,-0.10,95.40,94.90,92.70,7.20,61.60,9888.60,8470.50,90.90,281514.60,413.50,10.10,-2.60,7.00,0.00,23.20,736854.20,798.00,2.00,4.00,4.00,162.00,237.20,1.00,3.00,0.20,0.50,109.40,1.60,-4.40,1.90,1.60,100.70,-0.80,100.30,-0.30,282.30,6.20,0.80,6.30,5.30,0.10,0.10,0.00,21.80,10.10,31.30,2.30,3.40,-0.80,-0.20,0.00,0.40,-0.20,0.00,1.10,1.20,0.10,-0.40
9/30/2003,0.00,95.40,95.20,93.00,8.60,63.10,9905.10,8483.10,91.00,283594.40,409.90,10.20,-1.80,7.40,0.10,23.50,738907.00,802.80,2.00,4.00,4.10,164.80,243.00,1.00,2.80,0.20,0.50,111.00,1.50,-5.50,1.90,1.60,100.60,-0.70,100.30,-0.10,274.30,5.90,0.80,5.70,5.30,0.00,0.10,0.00,21.20,10.70,30.20,2.20,3.30,-0.70,-0.10,0.10,0.40,-0.10,0.10,1.00,1.10,0.20,-0.40
10/31/2003,0.10,95.50,95.10,92.70,8.30,64.20,9934.70,8513.00,91.20,285560.90,400.30,10.20,-0.90,7.50,0.10,23.30,742101.90,806.30,2.00,4.10,4.10,164.90,246.50,1.00,2.70,0.30,0.50,114.70,1.40,-5.60,2.00,1.60,100.50,-0.60,100.30,0.00,266.10,5.50,0.70,5.20,5.30,0.00,0.10,0.10,20.20,11.90,29.10,2.20,3.30,-0.60,-0.30,0.40,0.50,-0.20,0.20,1.00,1.20,0.30,-0.50
11/30/2003,0.20,95.80,94.90,92.60,11.50,65.60,9973.40,8551.00,91.30,286210.60,391.10,10.20,-0.30,7.50,0.10,23.30,744089.20,810.80,2.00,4.20,4.20,165.80,244.50,1.10,2.70,0.30,0.40,118.20,1.40,-6.10,2.10,1.60,100.40,-0.50,100.30,0.10,259.40,5.20,0.70,4.80,2.70,0.00,0.10,0.10,19.50,12.70,27.70,2.10,3.20,-0.50,0.00,0.60,0.70,-0.30,0.20,1.00,1.30,0.30,-0.50
12/31/2003,0.20,95.60,95.50,93.00,13.60,66.30,10003.90,8578.10,91.60,287743.90,382.30,10.10,0.30,7.30,0.10,23.20,750145.00,821.00,1.90,4.20,4.20,165.80,242.50,1.10,2.70,0.20,0.30,124.20,1.30,-7.60,2.20,1.60,100.20,-0.40,100.30,0.20,252.00,4.90,0.60,4.60,2.70,0.00,0.10,0.10,18.70,14.40,25.90,2.10,3.10,-0.30,-0.10,0.50,0.50,-0.20,0.20,0.90,1.10,0.30,-0.40
1/31/2004,0.40,95.50,95.80,93.40,14.00,67.10,10020.10,8590.00,91.80,289467.90,373.50,10.00,0.70,7.10,0.00,23.10,753347.20,821.30,1.90,4.20,4.20,167.90,241.70,1.10,2.50,0.40,0.30,130.50,1.30,-8.20,2.20,1.60,100.00,-0.30,100.30,0.30,246.50,4.50,0.60,4.30,2.70,0.00,0.10,0.20,18.00,14.50,24.10,2.10,3.00,-0.20,0.10,0.60,0.50,-0.10,0.20,1.00,1.20,0.40,-0.30
2/29/2004,0.40,95.80,96.10,93.70,10.90,67.30,10033.80,8597.60,92.00,289969.40,371.20,9.90,1.00,7.00,0.00,22.70,753762.10,820.40,1.80,4.10,4.20,171.00,240.10,1.10,2.30,0.30,0.30,137.70,1.20,-7.20,2.20,1.70,99.90,-0.20,100.30,0.40,239.70,4.40,0.60,4.20,-3.00,0.10,0.10,0.20,17.50,13.40,22.70,2.10,2.90,-0.10,0.10,0.80,0.60,0.00,0.20,1.00,1.10,0.40,0.00
3/31/2004,0.40,95.90,96.20,93.80,11.60,66.90,10052.40,8611.10,92.40,291513.50,364.10,9.90,1.20,7.00,0.10,22.70,754788.30,821.70,1.70,4.00,4.10,173.00,235.70,1.10,2.10,0.40,0.30,144.00,1.20,-5.80,2.30,1.70,99.80,-0.10,100.20,0.40,237.00,4.30,0.60,4.10,-3.00,0.10,0.10,0.30,17.60,11.90,22.90,2.00,2.90,-0.10,0.10,0.80,0.40,0.00,-0.20,0.60,0.70,0.00,0.10
4/30/2004,0.40,96.10,96.50,94.10,12.80,66.70,10078.10,8632.40,92.50,294162.50,357.70,9.80,1.50,6.90,0.00,23.20,757324.60,829.80,1.70,4.10,4.10,173.80,233.70,1.10,2.00,0.40,0.30,147.30,1.30,-4.10,2.30,1.80,99.80,-0.10,100.20,0.40,230.20,4.10,0.60,3.90,-3.00,0.00,0.10,0.30,17.00,11.50,22.20,2.10,2.80,-0.10,0.10,0.80,0.30,-0.10,-0.30,0.40,0.50,-0.20,0.10
5/31/2004,0.40,96.50,96.60,94.20,15.40,67.30,10109.90,8660.60,92.70,295742.70,351.90,9.80,1.80,6.40,0.00,23.50,759276.30,836.90,1.80,4.30,4.20,174.40,229.70,1.30,2.10,0.30,0.20,147.20,1.50,-2.90,2.40,1.80,99.90,0.00,100.20,0.40,223.30,4.10,0.60,3.80,-7.50,0.00,0.10,0.20,17.20,11.80,22.50,2.00,2.70,-0.10,0.10,0.80,0.30,-0.20,-0.20,0.40,0.40,0.00,-0.10
6/30/2004,0.50,96.30,96.90,94.60,14.70,67.80,10133.50,8682.00,93.00,298079.90,350.30,9.70,2.20,5.90,0.00,23.50,763625.00,848.10,1.90,4.40,4.20,172.30,220.10,1.50,2.30,0.40,0.20,148.20,1.50,-1.20,2.50,1.90,100.00,0.00,100.20,0.50,218.50,4.10,0.50,3.80,-7.50,0.00,0.10,0.20,16.70,12.50,21.40,2.00,2.70,-0.30,0.10,0.70,0.20,-0.30,0.00,0.30,0.40,0.10,-0.10
7/31/2004,0.50,96.50,97.20,94.80,9.90,67.90,10159.90,8710.60,93.00,298650.20,348.20,9.70,2.40,5.40,0.00,23.40,767321.50,859.30,1.90,4.40,4.20,168.90,210.20,1.70,2.50,0.40,0.30,150.30,1.60,0.00,2.50,1.90,100.00,0.00,100.20,0.50,217.40,4.00,0.50,3.70,-7.50,0.00,0.10,0.20,16.30,14.20,20.60,2.00,2.70,-0.30,0.00,0.30,0.10,-0.20,0.10,0.20,0.30,0.10,-0.20
8/31/2004,0.40,96.60,97.40,95.10,8.70,67.60,10195.70,8741.90,93.20,300181.60,346.00,9.60,2.30,5.20,0.00,23.20,768620.80,864.20,1.80,4.40,4.20,166.70,200.80,1.80,2.70,0.40,0.20,151.30,1.70,-0.50,2.50,2.00,100.10,0.00,100.20,0.50,218.10,4.00,0.50,3.70,-9.20,0.00,0.00,0.20,16.40,14.70,20.40,2.00,2.70,-0.30,-0.20,0.30,-0.10,-0.20,0.10,0.30,0.40,0.10,-0.10
9/30/2004,0.40,96.50,97.80,95.60,9.20,68.30,10223.90,8768.50,93.40,300911.70,343.70,9.50,2.10,5.10,0.00,23.20,774913.30,868.20,1.80,4.30,4.10,160.40,189.10,1.90,2.80,0.40,0.20,153.10,1.70,-0.70,2.40,1.90,100.00,0.10,100.20,0.60,217.40,3.90,0.50,3.60,-9.20,0.00,0.00,0.20,15.80,14.90,19.30,2.00,2.70,-0.30,0.00,0.40,-0.20,-0.20,0.10,0.40,0.40,0.10,-0.10
10/31/2004,0.40,96.60,97.40,95.10,6.00,67.90,10250.00,8792.90,93.60,303111.80,341.40,9.60,1.90,5.10,0.00,23.00,779033.80,872.40,1.70,4.20,4.10,155.90,178.50,2.00,2.90,0.30,0.20,156.00,1.80,-1.20,2.40,1.90,100.00,0.10,100.20,0.60,216.20,3.80,0.50,3.50,-9.20,0.00,0.00,0.10,15.60,16.50,18.70,2.10,2.80,-0.10,-0.10,0.30,-0.30,-0.20,0.30,0.60,0.60,0.30,-0.20
11/30/2004,0.40,96.70,97.60,95.20,5.80,68.20,10262.90,8804.30,93.90,304788.70,338.30,9.50,1.70,5.30,0.00,22.90,785051.90,878.40,1.70,4.20,4.00,151.40,165.80,2.20,2.90,0.30,0.20,159.50,1.80,-0.40,2.40,2.00,99.80,0.20,100.20,0.70,212.30,3.60,0.50,3.40,-11.10,0.00,0.00,0.10,15.00,15.50,17.80,2.10,2.80,-0.10,-0.10,0.30,-0.40,-0.30,0.40,0.70,0.70,0.30,-0.20
12/31/2004,0.50,96.90,97.90,95.60,0.00,68.70,10368.00,8904.80,94.20,306577.60,334.90,9.50,1.40,5.30,0.00,22.80,793574.80,887.50,1.60,4.20,3.90,143.60,153.00,2.40,3.00,0.40,0.20,163.30,1.90,-1.50,2.50,2.00,99.70,0.30,100.20,0.70,206.80,3.40,0.50,3.30,-11.10,0.00,0.00,0.10,14.20,16.60,16.80,2.10,2.80,-0.10,-0.30,0.20,-0.40,-0.30,0.30,0.80,0.90,0.30,-0.20
1/31/2005,0.50,97.10,97.80,95.40,-0.20,69.40,10368.10,8896.20,94.70,309284.60,337.20,9.40,1.20,5.10,0.00,23.70,797637.70,887.40,1.60,4.20,3.80,135.80,138.40,2.50,3.10,0.30,0.10,166.20,2.00,-4.50,2.50,2.00,99.60,0.30,100.10,0.80,199.80,3.30,0.50,3.20,-11.10,0.00,0.10,0.10,14.00,17.90,15.90,2.10,2.80,0.00,-0.20,0.20,-0.50,-0.20,0.50,0.70,0.90,0.60,-0.10
2/28/2005,0.50,97.40,97.70,95.30,3.30,69.60,10368.60,8888.20,95.10,310554.70,331.60,9.30,1.10,4.70,0.00,23.10,798769.80,891.90,1.60,4.20,3.70,129.90,122.90,2.70,3.20,0.20,0.10,170.00,2.10,-8.00,2.50,2.10,99.50,0.40,100.10,0.90,190.90,3.20,0.50,3.10,-12.60,0.00,0.10,0.10,13.40,17.20,15.00,2.10,2.80,0.10,0.00,0.30,-0.50,0.00,0.50,0.80,0.90,0.60,0.10
3/31/2005,0.50,97.60,97.90,95.60,8.00,69.40,10367.60,8880.90,95.60,312584.80,329.70,9.30,1.10,4.30,0.00,22.60,800454.00,898.00,1.60,4.30,3.70,127.00,109.70,2.90,3.40,0.10,0.10,175.50,2.20,-8.00,2.60,2.10,99.50,0.50,100.00,1.00,181.00,3.10,0.40,3.00,-12.60,0.00,0.10,0.10,13.30,16.30,14.40,2.10,2.70,0.10,0.10,0.20,-0.40,0.10,0.10,0.90,0.90,0.10,0.20
4/30/2005,0.40,97.80,97.90,95.60,3.80,69.60,10375.60,8881.40,95.90,310789.70,328.40,9.20,1.20,3.60,0.00,22.40,801737.10,908.80,1.60,4.30,3.70,123.30,98.10,3.10,3.60,0.20,0.10,177.70,2.20,-6.70,2.60,2.10,99.60,0.40,100.00,1.00,178.80,3.20,0.50,3.10,-12.60,0.00,0.10,0.10,13.70,18.20,14.50,2.10,2.80,0.10,0.10,0.00,-0.30,-0.10,-0.30,0.90,0.80,-0.40,-0.10
5/31/2005,0.30,97.90,98.00,95.60,3.50,68.80,10397.40,8896.60,96.20,311025.50,327.40,9.10,1.30,3.30,0.00,21.90,803119.00,913.90,1.60,4.20,3.60,120.20,84.50,3.20,3.70,0.20,0.00,177.20,2.20,-4.20,2.60,2.10,99.60,0.40,99.90,1.00,181.30,3.40,0.50,3.60,-15.00,0.00,0.10,0.10,13.70,21.50,14.40,2.10,2.80,0.10,0.00,0.00,-0.20,-0.40,-0.50,1.00,0.80,-0.70,-0.30
6/30/2005,0.30,97.90,98.40,96.00,3.20,69.20,10429.30,8924.30,96.40,310736.50,328.20,9.10,1.30,3.20,0.00,21.40,806586.80,923.50,1.60,4.20,3.40,117.70,70.20,3.40,3.70,0.10,0.00,178.70,2.20,-4.20,2.50,2.10,99.60,0.40,99.80,1.00,183.10,3.50,0.50,3.80,-15.00,0.00,0.00,0.10,13.20,24.40,13.90,2.10,2.90,0.20,-0.10,-0.10,-0.20,-0.20,-0.70,0.90,0.60,-1.00,-0.20
7/31/2005,0.30,98.10,98.30,96.00,6.00,70.00,10460.70,8956.20,96.70,312536.40,326.90,9.00,1.30,2.90,0.00,20.90,809309.80,945.80,1.70,4.20,3.40,113.90,59.50,3.50,3.80,0.10,0.00,180.00,2.10,-4.00,2.40,2.10,99.50,0.50,99.70,1.10,181.70,3.50,0.50,3.80,-15.00,0.00,0.00,0.10,12.60,24.60,13.70,2.10,2.90,0.20,-0.20,0.10,-0.10,-0.20,-0.60,0.70,0.40,-0.90,-0.20
8/31/2005,0.40,98.20,98.50,96.10,5.00,70.00,10485.50,8977.50,96.80,315596.00,323.80,9.00,1.30,2.50,0.00,20.50,811756.60,958.20,1.70,4.20,3.30,109.50,47.90,3.70,4.00,0.10,0.00,184.10,2.10,-1.80,2.40,2.10,99.50,0.50,99.60,1.10,178.60,3.40,0.50,3.70,-12.70,0.00,0.00,0.10,12.70,23.60,14.10,2.10,2.90,0.30,-0.20,0.10,-0.10,-0.30,-0.80,0.60,0.30,-1.20,-0.30
9/30/2005,0.30,98.40,98.80,96.40,4.60,69.10,10486.70,8979.20,96.90,315810.30,338.40,9.00,1.50,2.10,0.00,20.30,814634.40,965.20,1.70,4.20,3.30,102.30,41.30,3.80,4.00,0.10,0.00,187.20,2.10,-1.10,2.40,2.10,99.50,0.50,99.50,1.10,180.10,3.40,0.40,3.70,-12.70,0.00,0.00,0.10,12.70,27.10,14.30,2.10,2.90,0.30,-0.40,0.00,-0.10,-0.30,-0.70,0.80,0.40,-1.00,-0.30
10/31/2005,0.20,98.60,98.70,96.50,7.00,68.00,10497.40,8990.70,96.50,316321.00,345.50,8.90,1.80,1.80,0.00,19.70,816325.50,973.60,1.80,4.30,3.30,95.00,35.20,4.00,4.20,0.10,0.00,191.70,2.10,1.20,2.50,2.20,99.60,0.40,99.50,1.10,181.30,3.40,0.40,3.60,-12.70,0.00,0.00,0.10,13.30,28.00,15.10,2.10,3.00,0.40,-0.20,0.10,0.00,-0.30,-0.70,0.90,0.60,-1.00,-0.20
11/30/2005,0.20,98.70,99.00,96.80,4.90,68.00,10527.20,9019.10,96.60,316517.90,338.70,8.80,2.10,1.30,0.00,19.30,820338.90,982.20,1.90,4.30,3.30,88.90,28.90,4.20,4.30,0.10,0.00,198.50,2.10,4.50,2.50,2.20,99.60,0.50,99.50,1.10,182.80,3.40,0.40,3.60,-8.20,0.00,0.00,0.10,13.00,29.10,15.00,2.10,2.90,0.30,-0.10,0.10,0.00,-0.40,-0.80,0.90,0.50,-1.20,-0.30
12/31/2005,0.20,98.90,99.20,97.20,9.30,66.00,10564.90,9056.50,96.90,317206.50,331.60,8.80,2.00,0.90,0.00,19.10,826425.50,997.30,1.90,4.40,3.30,79.10,22.60,4.30,4.50,0.10,0.10,210.10,2.10,4.00,2.40,2.20,99.60,0.40,99.40,1.10,183.70,3.50,0.40,3.60,-8.20,0.00,0.00,0.10,12.50,33.80,14.40,2.10,2.90,0.20,-0.10,0.00,0.10,-0.50,-1.00,0.80,0.40,-1.40,-0.40
1/31/2006,0.30,99.10,99.90,97.80,6.00,63.40,10625.20,9108.30,97.30,318774.10,323.90,8.70,1.80,0.90,0.00,19.10,829650.70,1010.90,2.00,4.40,3.30,69.80,17.00,4.40,4.50,0.00,0.20,223.80,2.10,3.60,2.40,2.20,99.60,0.50,99.40,1.10,183.50,3.50,0.40,3.60,-8.20,0.00,0.10,0.10,12.40,30.00,14.60,2.20,2.90,0.30,-0.10,0.10,0.20,-0.50,-0.90,1.00,0.60,-1.20,-0.40
2/28/2006,0.30,99.30,100.10,97.90,6.00,61.60,10686.70,9163.60,97.60,321682.90,313.90,8.60,1.40,0.80,0.00,18.80,831333.10,1020.00,2.00,4.40,3.40,65.40,10.00,4.60,4.60,0.20,0.10,235.50,2.10,4.50,2.40,2.20,99.60,0.70,99.30,1.10,180.10,3.40,0.50,3.60,-5.20,0.00,0.10,0.10,12.40,25.90,14.80,2.20,2.90,0.40,0.00,0.20,0.10,-0.60,-0.80,1.00,0.70,-1.20,-0.50
3/31/2006,0.30,99.50,100.40,98.20,3.10,60.00,10741.30,9211.70,97.80,323128.90,308.70,8.50,1.20,0.80,0.00,19.40,834137.00,1032.10,2.00,4.50,3.50,59.90,6.80,4.70,4.70,0.20,0.20,247.50,2.10,4.20,2.50,2.20,99.60,0.70,99.30,1.10,176.80,3.30,0.50,3.50,-5.20,0.00,0.10,0.10,12.20,25.00,14.60,2.30,2.80,0.50,-0.10,0.10,0.00,-0.70,-1.10,0.90,0.50,-1.50,-0.60
4/30/2006,0.30,99.60,100.70,98.30,3.80,58.30,10788.70,9254.60,98.00,323998.40,306.30,8.40,1.20,1.10,0.00,19.10,835699.30,1045.00,2.10,4.60,3.60,60.00,7.80,4.80,4.80,0.20,0.30,268.80,2.10,3.00,2.50,2.20,99.70,0.80,99.40,1.00,175.00,3.20,0.50,3.40,-5.20,0.00,0.10,0.10,12.10,25.70,14.60,2.40,2.80,0.50,0.00,0.10,0.10,-0.70,-1.10,0.90,0.50,-1.50,-0.70
5/31/2006,0.20,99.80,101.10,98.60,-0.60,56.20,10823.00,9282.40,98.30,324991.70,312.40,8.30,1.20,1.20,0.00,18.80,838646.60,1054.60,2.20,4.80,3.70,61.20,9.80,5.00,5.00,0.10,0.20,303.20,2.20,3.30,2.60,2.20,99.70,0.80,99.50,1.00,171.90,3.10,0.50,3.30,-6.70,0.00,0.10,0.10,12.80,26.80,15.90,2.50,2.70,0.50,-0.10,0.20,0.10,-0.70,-1.40,0.70,0.30,-1.70,-0.70
6/30/2006,0.20,100.10,101.40,99.10,-1.60,53.30,10860.50,9311.60,98.50,326070.40,312.10,8.30,1.40,0.80,0.00,18.40,841034.00,1069.10,2.30,4.90,3.80,59.30,6.40,5.10,5.10,0.10,0.30,315.40,2.20,3.30,2.60,2.30,99.80,0.70,99.60,0.80,170.80,3.10,0.50,3.20,-6.70,0.00,0.10,0.20,14.00,31.30,17.80,2.50,2.70,0.50,-0.20,0.00,0.10,-0.70,-1.40,0.50,0.10,-1.70,-0.70
7/31/2006,0.10,100.30,102.10,99.90,-4.80,50.10,10884.70,9332.50,98.70,326740.80,314.40,8.40,1.40,0.60,0.00,17.90,842928.70,1083.20,2.40,4.90,3.90,55.20,3.70,5.20,5.20,0.10,0.30,332.00,2.30,3.50,2.60,2.40,99.90,0.70,99.60,0.80,170.20,3.20,0.50,3.20,-6.70,0.00,0.10,0.10,14.40,32.60,18.30,2.60,2.80,0.30,-0.30,-0.10,0.00,-0.50,-1.20,0.60,0.20,-1.60,-0.50
8/31/2006,0.00,100.50,102.60,100.50,-7.80,46.90,10904.20,9346.10,98.80,328362.90,314.00,8.40,1.20,0.30,0.00,17.30,843842.00,1091.10,2.30,4.90,3.90,48.10,1.60,5.20,5.20,0.10,0.30,347.50,2.40,3.20,2.60,2.40,99.90,0.70,99.70,0.80,170.70,3.20,0.50,3.10,-6.20,0.00,0.00,0.10,14.00,30.70,18.10,2.70,2.80,0.30,-0.40,-0.10,0.00,-0.40,-1.10,0.60,0.20,-1.40,-0.30
9/30/2006,0.00,100.60,102.80,100.80,-11.70,42.90,10937.60,9375.50,99.00,329598.10,314.70,8.30,1.00,-0.10,0.00,17.00,844441.90,1097.40,2.30,4.90,3.80,38.70,-0.40,5.20,5.10,0.10,0.20,358.60,2.50,2.00,2.50,2.50,99.80,0.70,99.70,0.80,171.10,3.20,0.50,3.10,-6.20,0.00,0.00,0.10,13.50,32.90,17.60,2.80,2.80,0.20,-0.40,-0.10,0.10,-0.40,-1.10,0.70,0.20,-1.50,-0.40
10/31/2006,0.10,100.70,103.10,101.20,-14.00,39.20,10982.20,9417.50,99.10,329698.60,314.40,8.30,0.60,-0.20,0.00,16.50,846364.00,1102.80,2.40,4.80,3.80,31.10,-2.30,5.20,5.10,0.20,0.20,374.00,2.60,-0.30,2.50,2.50,99.80,0.80,99.70,0.80,170.80,3.20,0.50,3.00,-6.20,0.00,0.00,0.10,12.90,31.00,16.90,3.00,2.80,0.10,-0.40,-0.20,0.10,-0.60,-1.00,0.80,0.40,-1.40,-0.60
11/30/2006,0.10,100.80,103.30,101.60,-18.00,36.90,11024.80,9457.80,99.20,329005.60,316.20,8.20,0.40,-0.20,0.00,16.20,850886.10,1107.30,2.40,4.70,3.80,22.90,-6.00,5.20,5.00,0.10,0.20,386.50,2.70,-4.90,2.40,2.50,99.70,0.90,99.60,0.90,168.10,3.20,0.50,2.80,-3.10,0.00,0.00,0.10,12.30,29.00,16.10,3.10,2.80,0.10,-0.30,-0.10,0.10,-0.70,-1.00,0.80,0.40,-1.30,-0.70
12/31/2006,0.10,101.10,103.40,101.80,-20.50,35.80,11071.10,9496.00,99.20,329908.30,319.20,8.10,0.20,-0.30,0.00,16.00,854823.90,1119.00,2.30,4.70,3.80,16.90,-7.50,5.20,4.90,0.20,0.20,396.70,2.60,-7.60,2.40,2.50,99.60,0.90,99.60,0.90,167.60,3.10,0.50,2.70,-3.10,0.00,0.10,0.10,11.90,30.10,15.70,3.20,2.80,0.00,-0.30,0.00,0.20,-0.70,-0.70,0.80,0.40,-1.10,-0.70
1/31/2007,0.20,101.60,103.70,102.10,-19.60,35.00,11108.40,9518.40,99.50,330631.90,320.20,8.20,0.10,-0.40,0.00,15.90,857286.20,1126.50,2.40,4.70,3.90,14.50,-8.60,5.20,4.90,0.10,0.20,397.00,2.60,-7.30,2.40,2.40,99.50,1.00,99.60,0.90,165.10,3.00,0.50,2.60,-3.10,0.00,0.10,0.10,11.70,27.20,15.70,3.30,2.80,0.00,-0.30,0.00,0.10,-0.80,-0.70,0.80,0.40,-1.00,-0.80
2/28/2007,0.20,101.50,104.40,102.90,-24.90,35.00,11143.50,9543.40,99.60,331380.50,320.00,8.20,0.00,-0.60,0.00,15.60,860601.50,1129.70,2.40,4.70,3.90,13.40,-9.60,5.20,5.00,0.10,0.30,399.00,2.70,-7.80,2.40,2.40,99.50,1.10,99.60,1.00,162.60,2.80,0.50,2.50,-1.00,0.00,0.10,0.10,11.60,24.00,15.40,3.40,2.80,0.00,-0.30,0.10,0.10,-0.80,-0.70,0.90,0.50,-1.00,-0.80
3/31/2007,0.20,101.60,104.80,103.50,-26.40,36.10,11176.00,9569.70,99.90,332128.60,318.00,8.10,0.00,-0.80,0.00,15.30,863056.00,1135.00,2.30,4.70,3.90,10.30,-7.30,5.20,4.90,0.10,0.20,408.10,2.70,-7.70,2.40,2.50,99.50,1.00,99.70,1.00,165.20,2.80,0.50,2.40,-1.00,0.00,0.10,0.10,12.60,23.60,16.60,3.50,2.80,0.20,-0.20,0.10,0.10,-0.80,-0.70,0.90,0.50,-1.00,-0.80
4/30/2007,0.10,102.10,105.20,104.00,-25.70,36.10,11199.40,9586.90,100.30,332866.50,318.10,8.10,0.00,-0.60,0.00,15.30,864640.10,1144.50,2.30,4.70,4.00,8.90,-4.60,5.20,4.90,0.10,0.20,428.30,2.60,-6.10,2.40,2.40,99.40,1.00,99.70,1.00,166.80,2.80,0.50,2.30,-1.00,0.00,0.10,0.10,12.70,25.60,16.80,3.60,2.80,0.40,-0.20,0.30,0.10,-0.80,-0.60,0.90,0.60,-0.90,-0.80
5/31/2007,0.20,102.30,105.70,104.40,-23.60,35.20,11214.30,9599.20,100.70,333537.80,314.50,8.20,0.20,-0.60,0.00,15.50,868505.40,1152.40,2.30,4.70,4.10,7.40,-3.80,5.20,4.90,0.10,0.20,445.30,2.50,-4.80,2.40,2.40,99.30,1.00,99.70,1.00,166.10,2.70,0.50,2.20,-5.30,0.00,0.10,0.10,12.90,31.60,16.80,3.60,2.70,0.50,-0.10,0.40,0.10,-0.80,-0.60,1.10,0.70,-0.90,-0.80
6/30/2007,0.20,102.10,105.60,104.40,-24.60,33.70,11223.90,9613.00,101.00,335590.10,314.00,8.20,0.40,-0.60,0.00,15.40,868356.40,1164.30,2.40,4.80,4.20,8.80,1.10,5.20,5.00,0.10,0.20,448.40,2.40,-3.90,2.40,2.30,99.30,0.90,99.70,1.00,164.30,2.70,0.50,2.20,-5.30,0.00,0.10,0.20,13.50,39.00,17.00,3.70,2.70,0.50,-0.10,0.40,0.20,-0.80,-0.70,1.10,0.80,-1.00,-0.70
7/31/2007,0.10,102.30,106.10,104.80,-23.20,32.10,11238.20,9624.70,101.20,335914.90,314.60,8.30,0.60,-0.40,0.00,15.30,869433.90,1173.60,2.50,4.90,4.30,8.50,6.10,5.20,5.00,0.10,0.20,450.90,2.40,-3.50,2.40,2.20,99.30,0.80,99.80,0.90,165.10,2.90,0.50,2.30,-5.30,0.00,0.10,0.20,14.60,38.30,17.80,3.80,2.70,0.70,-0.10,0.60,0.30,-0.60,-0.60,0.90,0.50,-0.80,-0.50
8/31/2007,0.00,102.40,106.50,105.10,-22.80,29.80,11252.40,9637.20,101.40,336529.00,315.00,8.30,0.70,-0.20,0.00,16.10,868975.30,1184.00,2.50,4.80,4.30,11.90,15.50,5.00,4.80,0.20,0.20,440.60,2.30,-1.80,2.40,2.20,99.40,0.20,99.80,0.30,175.40,3.30,0.60,2.60,-0.30,0.00,0.10,0.20,17.80,61.50,20.70,3.90,2.80,0.70,-0.20,0.30,0.30,-0.40,-0.40,0.80,0.40,-0.70,-0.30
9/30/2007,0.00,102.50,106.80,105.40,-21.80,27.60,11274.90,9652.60,101.50,337487.30,315.30,8.30,0.60,0.10,0.00,15.90,872165.00,1199.00,2.40,4.70,4.30,15.10,24.90,4.80,4.70,0.20,0.20,434.20,2.30,-1.90,2.40,2.10,99.30,-0.30,99.90,-0.20,183.80,3.50,0.70,2.90,-0.30,0.00,0.10,0.20,18.90,82.80,21.60,3.90,2.80,0.60,-0.20,0.20,0.20,-0.50,-0.50,0.90,0.60,-0.70,-0.40
10/31/2007,-0.10,102.50,107.20,105.80,-24.50,25.40,11292.70,9662.60,101.70,338909.80,317.10,8.30,0.40,0.30,0.00,15.70,874562.90,1215.80,2.40,4.70,4.30,18.20,33.90,4.70,4.50,0.10,0.20,433.00,2.20,-1.40,2.30,2.10,99.20,-0.50,99.90,-0.60,187.60,3.70,0.70,3.10,-0.30,0.00,0.10,0.20,19.00,88.40,21.10,3.90,2.80,0.40,0.00,0.40,0.10,-0.50,-0.30,0.90,0.70,-0.40,-0.50
11/30/2007,-0.20,102.50,107.40,105.90,-21.90,23.60,11305.70,9664.60,101.80,339827.00,322.80,8.40,-0.10,0.20,0.00,15.50,878091.60,1235.60,2.20,4.50,4.20,21.80,47.10,4.50,4.20,0.20,0.20,423.40,2.20,0.00,2.40,2.10,99.20,-1.00,100.00,-0.90,198.20,4.10,0.80,3.40,7.40,0.00,0.10,0.20,20.90,106.70,21.90,4.00,3.00,0.30,-0.10,0.30,0.00,-0.60,-0.30,0.90,0.60,-0.50,-0.60
12/31/2007,-0.30,102.50,107.80,106.20,-22.40,22.30,11330.20,9660.90,102.00,342024.40,329.10,8.50,-0.50,0.30,0.00,15.30,880546.00,1285.70,2.00,4.40,4.20,24.20,60.80,4.30,4.00,0.10,0.10,410.40,2.20,5.10,2.40,2.20,99.20,-1.50,100.00,-1.30,213.80,4.50,0.90,3.70,7.40,0.00,0.00,0.10,21.10,129.90,21.30,3.90,3.00,0.20,-0.20,0.00,0.00,-0.70,-0.40,0.80,0.50,-0.60,-0.70
1/31/2008,-0.50,102.40,107.80,106.20,-26.60,21.00,11346.30,9647.60,102.10,342840.30,333.10,8.70,-0.90,0.30,0.00,15.40,885421.60,1296.30,1.80,4.20,4.20,30.90,79.80,3.90,3.60,0.10,0.10,404.80,2.30,9.20,2.30,2.20,99.30,-1.70,100.10,-1.30,233.70,5.10,1.00,4.30,7.40,0.00,0.00,0.10,22.50,122.30,23.20,4.00,3.30,0.10,-0.30,-0.20,0.00,-0.80,-0.40,0.90,0.60,-0.60,-0.70
2/29/2008,-0.60,102.30,108.10,106.50,-25.60,20.50,11360.10,9628.70,102.20,343341.30,337.40,8.80,-1.50,0.60,0.00,15.20,884748.30,1310.20,1.70,4.10,4.10,42.80,106.30,3.40,3.20,0.10,0.10,412.50,2.30,12.40,2.30,2.20,99.30,-1.80,100.20,-1.30,254.50,5.60,1.20,5.00,16.40,0.00,0.00,0.10,23.20,113.50,24.70,4.00,3.50,0.00,-0.50,-0.30,-0.10,-0.70,-0.30,0.80,0.60,-0.50,-0.70
3/31/2008,-0.70,102.50,108.50,107.10,-25.60,20.30,11371.80,9608.00,102.10,342949.50,343.00,8.90,-2.10,0.90,0.00,15.60,886494.40,1327.00,1.50,3.90,4.00,45.30,128.60,3.00,2.80,0.10,0.00,424.30,2.30,15.10,2.40,2.20,99.40,-2.30,100.40,-1.80,278.00,6.20,1.30,5.60,16.40,0.00,0.00,0.10,24.30,124.50,26.10,4.00,3.70,-0.20,-0.50,-0.30,-0.20,-0.80,-0.40,0.90,0.60,-0.60,-0.80
4/30/2008,-0.80,102.20,108.70,107.50,-27.60,20.20,11367.00,9586.20,102.00,342964.80,349.20,9.00,-2.60,0.90,0.00,15.80,886713.50,1345.60,1.40,3.80,4.00,43.80,138.10,2.60,2.60,0.20,0.00,432.00,2.40,18.40,2.30,2.20,99.40,-2.50,100.50,-2.10,293.60,6.40,1.50,5.80,16.40,0.00,-0.10,0.00,23.40,134.60,25.20,4.00,3.80,-0.40,-0.50,-0.10,-0.20,-0.80,-0.40,0.90,0.70,-0.60,-0.80
5/31/2008,-0.90,102.10,108.80,107.40,-28.90,20.20,11398.60,9564.30,101.70,342180.30,355.00,9.20,-2.80,0.90,0.00,16.00,888848.40,1370.10,1.40,3.80,4.10,37.10,139.70,2.50,2.60,0.10,0.10,431.50,2.30,19.80,2.40,2.20,99.40,-2.30,100.60,-2.20,297.10,6.40,1.50,5.80,34.70,0.00,-0.10,0.00,22.00,124.20,23.80,4.00,3.80,-0.40,-0.60,-0.20,-0.20,-0.70,-0.40,0.90,0.60,-0.60,-0.60
6/30/2008,-1.10,102.00,109.20,107.60,-29.50,19.80,11400.50,9533.20,101.30,343561.60,360.90,9.40,-2.70,1.40,0.00,16.20,890864.50,1390.00,1.40,3.90,4.20,26.20,137.80,2.40,2.70,0.10,0.10,428.00,2.30,23.00,2.40,2.20,99.40,-2.20,100.70,-2.20,297.70,6.40,1.50,5.80,34.70,0.00,-0.10,0.00,22.00,117.00,23.70,4.00,3.80,-0.50,-0.60,-0.30,-0.30,-0.40,-0.50,0.90,0.60,-0.70,-0.30
7/31/2008,-1.30,101.70,108.50,107.00,-29.00,19.30,11355.00,9504.60,100.90,344240.90,368.50,9.70,-2.30,2.00,0.00,16.30,896417.70,1402.70,1.40,3.90,4.30,20.30,139.20,2.40,2.70,0.10,0.00,425.10,2.30,27.20,2.40,2.20,99.60,-2.30,100.90,-2.20,304.00,6.70,1.60,6.40,34.70,0.00,0.00,0.00,22.70,119.00,24.30,4.10,4.00,-0.50,-0.60,-0.40,-0.30,-0.40,-0.50,1.00,0.70,-0.70,-0.30
8/31/2008,-1.30,101.30,108.10,106.60,-29.80,18.40,11339.00,9490.70,100.60,344811.50,388.90,10.00,-2.40,2.10,0.00,16.40,899418.10,1417.50,1.50,3.90,4.30,18.10,141.50,2.30,2.70,0.10,0.10,413.10,2.40,31.10,2.40,2.20,99.70,-2.30,100.90,-2.20,310.70,7.10,1.70,6.90,53.00,0.00,0.00,-0.10,22.10,117.80,23.80,4.10,4.10,-0.50,-0.60,-0.40,-0.20,-0.50,-0.50,0.90,0.70,-0.70,-0.40
9/30/2008,-1.40,101.20,107.50,106.00,-31.70,17.70,11326.00,9475.30,99.80,344159.60,405.70,10.30,-2.80,3.30,0.00,33.00,933761.60,1433.00,1.60,3.80,4.20,20.20,147.80,2.20,2.50,0.10,0.10,395.90,2.40,30.30,2.20,2.20,99.90,-3.00,101.00,-2.70,326.40,7.60,1.90,7.50,53.00,0.00,-0.10,-0.10,24.60,148.30,26.10,4.20,4.40,-0.70,-0.60,-0.60,-0.20,-0.60,-0.40,0.90,0.60,-0.60,-0.50
10/31/2008,-1.70,101.40,107.00,105.50,-31.40,17.50,11326.50,9468.60,98.10,342176.30,429.70,10.80,-4.30,4.30,0.00,104.90,1211046.50,1602.70,2.00,3.80,4.10,44.20,168.90,1.90,2.30,0.10,0.00,356.50,2.40,27.40,1.90,2.20,100.70,-5.20,101.10,-4.80,382.20,9.40,2.50,9.80,53.00,-0.10,-0.10,-0.20,36.00,210.10,37.70,4.10,5.00,-0.70,-0.60,-0.90,-0.30,-0.80,-0.20,1.10,0.80,-0.50,-0.70
11/30/2008,-2.00,101.10,106.30,104.80,-33.50,16.50,11350.10,9482.90,97.20,337210.50,452.80,11.30,-7.60,6.00,0.00,239.70,1476230.40,1708.00,2.40,3.70,4.00,66.90,184.40,1.50,2.00,0.10,0.00,320.90,2.40,22.30,1.50,2.00,101.40,-6.10,101.20,-6.00,429.70,11.20,3.00,11.90,65.10,-0.10,-0.20,-0.30,43.00,218.70,44.00,3.80,5.50,-0.90,-0.90,-1.20,-0.40,-0.90,-0.20,1.10,0.90,-0.40,-0.80
12/31/2008,-2.20,101.10,105.10,103.50,-36.90,14.40,11351.20,9491.80,96.10,331476.40,481.90,12.00,-12.20,9.10,0.10,396.40,1731887.90,1801.80,2.40,3.30,3.70,79.60,175.70,1.20,1.60,0.10,0.00,280.60,2.30,16.10,1.10,1.80,101.80,-6.60,101.30,-6.50,480.70,13.40,3.40,14.10,65.10,-0.20,-0.30,-0.40,45.50,210.10,45.40,3.40,6.10,-1.00,-1.00,-1.40,-0.60,-0.90,-0.10,0.90,0.60,-0.40,-0.90
1/31/2009,-2.30,101.00,103.20,101.50,-39.50,12.80,11321.50,9437.70,94.60,324025.10,507.90,12.60,-15.80,10.70,0.10,519.00,1815890.80,1873.50,2.40,3.10,3.50,101.20,173.50,0.90,1.30,0.10,-0.10,254.80,2.10,9.60,1.00,1.60,102.10,-6.30,101.40,-6.30,503.70,13.90,3.70,14.80,65.10,-0.20,-0.30,-0.40,45.30,181.70,45.80,3.00,6.10,-1.20,-1.10,-1.70,-0.90,-1.00,-0.10,0.90,0.60,-0.30,-0.90
2/28/2009,-2.40,100.60,100.90,99.10,-43.90,11.40,11268.40,9361.00,92.90,318932.50,542.40,13.30,-18.20,11.50,0.10,561.10,1835443.80,1866.70,2.20,3.00,3.40,122.70,177.70,0.80,1.10,0.00,-0.20,235.90,2.00,5.30,1.00,1.40,102.40,-6.00,101.50,-5.90,508.80,14.10,3.90,15.30,62.70,-0.10,-0.40,-0.40,45.40,157.40,45.60,2.50,6.00,-1.20,-1.00,-1.80,-1.00,-0.90,0.00,1.00,0.80,-0.20,-0.80
3/31/2009,-2.40,100.00,98.10,96.00,-44.80,10.70,11225.90,9284.90,91.50,315851.20,574.40,14.00,-19.90,12.10,0.10,613.90,1879923.50,1854.20,2.10,2.90,3.30,138.20,180.70,0.60,1.00,0.00,-0.30,224.10,1.90,1.30,1.10,1.30,102.90,-5.80,101.60,-5.50,524.90,14.70,4.10,16.40,62.70,-0.10,-0.40,-0.50,45.20,142.80,45.10,2.10,6.00,-1.10,-0.90,-1.60,-1.10,-0.90,0.00,1.00,0.70,-0.20,-0.90
4/30/2009,-2.30,99.50,95.50,93.20,-46.20,10.20,11207.10,9237.60,90.10,312988.00,593.30,14.60,-20.40,13.20,0.10,681.30,1963499.30,1847.90,2.00,2.90,3.30,150.40,186.30,0.50,0.90,0.00,-0.30,223.30,1.90,-2.80,1.10,1.10,102.90,-5.40,101.60,-4.90,531.30,14.40,4.10,16.50,62.70,-0.10,-0.30,-0.50,43.10,128.50,43.50,1.70,5.60,-1.10,-0.80,-1.30,-1.10,-1.00,0.20,1.10,0.80,-0.10,-1.00
5/31/2009,-2.10,99.50,93.30,91.00,-48.10,11.30,11242.20,9204.60,88.90,309138.90,601.10,15.10,-18.80,14.00,0.10,735.00,2012039.70,1824.10,1.90,3.00,3.30,167.00,201.50,0.50,0.80,0.00,-0.30,225.20,1.90,-6.60,1.30,1.10,102.80,-4.80,101.50,-4.10,516.20,13.50,3.90,15.90,53.50,-0.10,-0.20,-0.60,40.10,111.30,41.00,1.50,5.20,-1.00,-0.40,-1.00,-0.90,-1.00,0.20,1.20,1.00,0.00,-0.90
6/30/2009,-1.90,99.20,91.40,89.20,-47.10,12.70,11217.70,9167.70,87.80,307008.30,601.30,15.50,-15.60,15.20,0.20,746.80,2024497.30,1818.90,1.90,3.20,3.40,177.70,216.70,0.40,0.90,0.00,-0.30,232.40,1.90,-9.30,1.50,1.00,102.60,-4.20,101.50,-3.50,475.40,12.30,3.60,14.80,53.50,0.00,-0.10,-0.50,36.80,93.50,38.10,1.20,4.80,-0.70,-0.20,-0.80,-0.90,-1.00,0.20,1.20,1.10,0.00,-1.00
7/31/2009,-1.70,98.80,90.70,88.40,-46.20,13.30,11187.30,9125.10,86.90,306156.50,591.50,15.80,-11.90,15.70,0.20,751.60,2023978.50,1838.90,1.80,3.30,3.40,187.60,228.10,0.40,0.80,0.10,-0.30,241.30,1.80,-11.20,1.50,0.90,102.40,-3.60,101.40,-3.00,439.60,11.40,3.30,13.70,53.50,0.00,-0.10,-0.50,33.60,77.20,35.40,1.00,4.50,-0.50,0.00,-0.60,-0.70,-1.00,0.00,1.10,1.00,-0.20,-1.00
8/31/2009,-1.50,98.80,90.30,88.00,-43.20,14.40,11162.90,9093.10,86.60,305526.10,583.00,16.00,-8.70,16.30,0.20,765.30,2028092.60,1831.80,1.80,3.40,3.40,190.40,233.60,0.30,0.90,0.20,-0.30,259.00,1.70,-12.90,1.60,0.80,102.00,-3.10,101.30,-2.60,400.10,10.50,3.00,12.60,40.10,0.00,0.00,-0.40,31.30,63.10,33.40,0.80,4.20,-0.60,0.00,-0.60,-0.60,-0.70,0.00,0.90,0.70,-0.20,-0.70
9/30/2009,-1.30,98.50,90.00,87.70,-39.60,15.40,11140.00,9066.50,86.60,307716.30,574.60,16.20,-5.70,15.60,0.20,800.40,2061341.20,1822.90,1.70,3.40,3.30,195.50,236.80,0.30,0.90,0.20,-0.30,270.00,1.60,-11.80,1.70,0.80,101.70,-2.50,101.20,-2.20,369.30,9.80,2.70,11.50,40.10,0.10,0.10,-0.30,29.50,51.80,31.50,0.70,4.00,-0.50,0.10,-0.40,-0.50,-0.70,-0.20,0.90,0.80,-0.30,-0.60
10/31/2009,-1.20,98.50,89.80,87.40,-36.50,16.40,11117.30,9043.70,86.90,307322.00,559.60,16.50,-3.40,15.10,0.20,863.50,2093458.70,1815.20,1.60,3.40,3.30,194.30,238.90,0.30,0.90,0.20,-0.30,281.20,1.60,-11.60,1.70,0.80,101.40,-2.10,101.10,-1.80,347.60,9.10,2.50,10.40,40.10,0.10,0.20,-0.10,27.90,43.90,30.10,0.60,3.90,-0.30,0.30,-0.20,-0.40,-0.60,-0.10,1.00,0.90,-0.30,-0.60
11/30/2009,-1.10,98.50,90.30,88.00,-35.00,16.60,11109.30,9031.30,87.10,307828.30,545.30,16.70,-1.50,14.00,0.10,932.60,2118331.60,1800.40,1.50,3.40,3.30,196.20,244.70,0.30,0.80,0.20,-0.20,291.40,1.60,-11.40,1.90,0.90,101.10,-1.80,101.00,-1.50,333.60,8.60,2.30,9.60,23.30,0.10,0.20,0.00,26.80,39.10,29.30,0.50,3.80,-0.20,0.50,0.00,-0.20,-0.60,0.00,1.00,1.00,-0.20,-0.60
12/31/2009,-1.00,98.50,90.60,88.30,-27.80,16.70,11114.70,9024.60,87.30,309616.20,528.90,16.80,-0.20,11.60,0.10,980.90,2153438.60,1801.30,1.40,3.50,3.30,197.50,253.50,0.30,0.80,0.20,-0.20,305.60,1.60,-10.70,2.00,1.00,101.00,-1.40,101.00,-1.30,317.10,8.00,2.10,8.90,23.30,0.10,0.20,0.10,25.10,33.80,28.10,0.50,3.80,-0.20,0.50,0.10,0.00,-0.70,-0.20,1.10,1.10,-0.30,-0.70
1/31/2010,-0.90,98.80,90.80,88.60,-18.80,16.50,11116.60,9020.10,87.60,311166.10,511.00,16.70,0.30,9.90,0.10,1007.40,2182709.40,1828.00,1.30,3.50,3.30,200.90,260.80,0.30,0.80,0.30,0.00,317.40,1.70,-9.50,2.10,1.20,100.80,-1.10,100.90,-1.10,300.80,7.50,2.00,8.30,23.30,0.10,0.20,0.10,24.00,29.70,27.00,0.40,3.70,-0.30,0.50,0.10,0.20,-0.70,-0.10,1.00,1.10,-0.20,-0.70
2/28/2010,-0.90,98.70,91.10,88.70,-6.20,16.10,11120.10,9016.10,88.10,312996.70,503.60,16.80,0.60,9.50,0.10,1058.60,2207188.10,1842.80,1.30,3.60,3.20,204.90,267.00,0.30,0.70,0.30,0.20,319.60,1.70,-7.00,2.10,1.30,100.80,-0.90,100.80,-1.00,291.90,7.30,1.90,7.90,6.90,0.00,0.10,0.20,23.60,25.70,26.90,0.40,3.80,-0.40,0.50,0.00,0.40,-0.80,-0.10,1.00,1.10,-0.20,-0.80
3/31/2010,-0.80,98.80,91.60,89.20,-3.30,16.30,11131.10,9013.40,88.50,314227.90,496.70,16.90,0.80,9.20,0.10,1083.80,2238702.70,1856.40,1.30,3.60,3.20,207.60,270.20,0.30,0.70,0.40,0.20,330.20,1.60,-5.40,2.20,1.40,100.70,-0.60,100.70,-0.80,280.70,6.90,1.80,7.40,6.90,0.00,0.10,0.30,21.80,21.20,25.20,0.40,3.90,-0.20,0.30,0.00,0.40,-0.80,-0.20,1.00,1.00,-0.30,-0.80
4/30/2010,-0.60,99.10,91.90,89.40,5.00,16.00,11162.70,9026.40,89.00,317020.80,487.20,17.00,1.10,8.10,0.10,1082.50,2264440.80,1886.40,1.30,3.70,3.20,210.80,272.40,0.30,0.70,0.40,0.30,342.80,1.40,-6.60,2.20,1.50,100.60,-0.40,100.60,-0.70,269.60,6.40,1.80,6.90,6.90,0.00,0.10,0.30,20.60,19.40,24.80,0.40,3.90,-0.10,0.30,0.00,0.30,-0.80,-0.30,0.90,1.00,-0.40,-0.80
5/31/2010,-0.60,99.10,92.60,90.20,16.10,16.80,11202.20,9051.40,89.40,319857.70,479.10,16.90,1.60,7.40,0.10,1080.00,2285081.60,1934.10,1.30,3.60,3.00,214.40,268.30,0.30,0.70,0.30,0.40,337.40,1.30,-7.80,2.20,1.50,100.60,-0.70,100.50,-0.80,268.70,6.40,1.80,7.00,3.00,0.00,0.10,0.30,23.80,22.20,28.80,0.40,4.10,-0.20,0.20,-0.20,0.30,-0.80,-0.30,0.90,1.00,-0.40,-0.90
6/30/2010,-0.50,99.20,93.20,90.90,13.80,18.30,11236.30,9098.90,90.10,320757.50,474.00,16.80,1.80,6.60,0.00,1074.80,2302966.40,1987.70,1.20,3.50,2.90,213.00,262.10,0.30,0.70,0.30,0.40,326.20,1.20,-7.10,2.10,1.60,100.70,-0.90,100.40,-0.90,279.30,6.60,2.00,7.20,3.00,0.00,0.00,0.20,25.50,29.60,29.80,0.40,4.30,-0.30,0.20,-0.20,0.30,-0.80,-0.30,1.00,1.10,-0.30,-0.80
7/31/2010,-0.50,99.30,94.20,91.80,7.40,17.60,11259.70,9126.80,90.70,320754.50,468.00,16.70,1.50,5.70,0.00,1067.60,2311297.40,1993.80,1.20,3.30,2.80,206.20,255.00,0.30,0.60,0.30,0.40,321.00,1.10,-8.20,2.00,1.60,100.70,-1.00,100.40,-1.00,285.80,6.60,2.00,7.10,3.00,0.00,0.00,0.20,25.50,32.60,29.50,0.40,4.60,-0.40,0.20,-0.10,0.40,-0.60,-0.20,0.90,1.00,-0.30,-0.60
8/31/2010,-0.50,99.30,94.90,92.70,3.00,16.60,11285.80,9148.80,91.20,321489.80,470.10,16.60,0.90,5.60,0.00,1061.60,2312718.30,1983.60,1.10,3.10,2.70,195.30,243.40,0.20,0.50,0.20,0.40,323.90,1.00,-9.10,1.90,1.50,100.70,-0.90,100.30,-1.10,289.50,6.60,2.00,6.90,-4.60,0.00,0.00,0.10,25.30,30.50,29.10,0.40,4.80,-0.20,0.10,-0.20,0.40,-0.50,-0.30,0.80,0.90,-0.40,-0.50
9/30/2010,-0.60,99.20,95.20,93.10,2.80,15.60,11301.70,9163.40,91.60,322311.30,466.60,16.70,0.50,5.80,0.00,1046.60,2309049.70,1979.70,1.00,3.00,2.60,185.50,235.30,0.20,0.40,0.20,0.40,331.00,1.00,-8.40,1.90,1.50,100.60,-0.90,100.30,-1.10,293.20,6.50,2.00,6.60,-4.60,0.00,0.00,0.10,24.50,28.00,27.80,0.40,4.90,-0.20,0.20,-0.10,0.20,-0.50,-0.40,0.80,0.90,-0.60,-0.40
10/31/2010,-0.50,99.20,95.70,93.60,2.40,14.80,11322.00,9198.40,92.00,323889.50,461.00,16.70,0.20,5.90,0.00,1033.50,2307699.60,1945.00,0.80,2.90,2.50,175.10,229.40,0.20,0.40,0.20,0.30,342.80,0.90,-8.20,1.90,1.40,100.40,-0.80,100.30,-1.00,300.50,6.40,1.90,6.30,-4.60,0.00,0.00,0.10,23.30,25.70,26.40,0.50,4.90,-0.10,0.30,0.00,0.00,-0.60,-0.40,1.00,1.00,-0.50,-0.60
11/30/2010,-0.40,99.20,96.20,94.20,2.20,14.90,11342.30,9228.90,92.20,326589.30,453.20,16.70,0.00,6.60,0.10,1024.00,2311195.00,1930.40,0.70,2.80,2.50,170.50,229.60,0.20,0.30,0.10,0.30,350.20,0.80,-7.80,2.00,1.30,100.30,-0.70,100.40,-1.00,305.50,6.20,1.90,6.20,-8.40,0.00,0.00,0.10,22.40,23.80,26.00,0.50,4.90,0.00,0.40,0.00,0.00,-0.70,-0.30,1.10,1.10,-0.40,-0.70
12/31/2010,-0.40,99.20,96.70,94.80,-0.50,15.20,11362.40,9257.00,92.40,330077.00,442.60,16.70,0.00,7.20,0.10,1027.80,2340096.00,1938.00,0.70,3.00,2.60,179.70,241.30,0.20,0.30,0.10,0.30,361.50,0.80,-7.90,2.10,1.30,100.20,-0.70,100.40,-1.00,298.30,6.00,2.00,6.10,-8.40,0.00,0.10,0.10,21.00,23.50,24.70,0.50,4.90,0.10,0.40,0.10,-0.10,-0.80,-0.30,1.00,1.00,-0.40,-0.80
1/31/2011,-0.30,99.20,97.30,95.40,-2.40,15.40,11401.30,9305.50,92.70,333105.00,437.40,16.50,0.30,8.00,0.10,1039.50,2369316.40,1944.90,0.80,3.10,2.80,183.60,251.30,0.20,0.30,0.10,0.30,372.90,0.80,-6.20,2.10,1.20,100.10,-0.60,100.40,-1.00,291.30,5.70,2.00,5.90,-8.40,0.00,0.10,0.10,20.00,22.80,24.00,0.60,4.80,0.30,0.40,0.30,-0.10,-0.60,-0.10,0.90,0.90,-0.30,-0.60
2/28/2011,-0.20,99.10,98.00,96.00,-1.00,15.60,11432.60,9340.80,92.90,335651.60,430.60,16.40,0.60,8.60,0.10,1091.50,2407847.10,1951.70,0.80,3.20,2.90,182.30,259.10,0.20,0.40,0.10,0.20,385.50,0.90,-4.60,2.20,1.20,100.00,-0.50,100.40,-0.80,282.80,5.40,1.90,5.60,-9.60,0.00,0.10,0.10,19.40,23.10,23.30,0.60,4.60,0.30,0.40,0.30,0.00,-0.60,-0.20,1.00,1.00,-0.30,-0.60
3/31/2011,-0.20,99.30,98.30,96.50,-4.80,15.70,11461.50,9367.70,93.00,338788.30,422.80,16.30,0.80,9.20,0.10,1177.90,2469568.90,1948.30,0.80,3.30,3.00,174.60,263.00,0.20,0.40,0.10,0.30,392.00,0.90,-2.20,2.30,1.20,99.90,-0.50,100.50,-0.80,276.90,5.20,1.90,5.40,-9.60,0.00,0.10,0.10,19.70,23.70,23.80,0.60,4.60,0.40,0.30,0.30,-0.10,-0.70,-0.20,1.00,1.00,-0.40,-0.60
4/30/2011,-0.30,99.00,98.80,97.20,-5.10,16.10,11468.60,9379.30,93.30,341428.20,418.40,16.20,0.70,9.90,0.10,1266.10,2527645.80,1927.10,0.70,3.30,3.10,168.50,265.40,0.20,0.40,0.10,0.20,397.30,1.00,-0.40,2.40,1.20,99.70,-0.40,100.50,-0.70,272.10,5.00,1.80,5.30,-9.60,0.00,0.10,0.10,18.80,23.90,22.80,0.70,4.60,0.40,0.30,0.30,-0.10,-0.70,-0.20,1.00,1.00,-0.40,-0.70
5/31/2011,-0.30,99.20,99.30,97.70,-9.20,16.10,11475.10,9389.00,93.40,343499.30,421.90,16.10,0.50,11.00,0.10,1346.90,2591006.10,1919.20,0.70,3.30,3.10,159.10,264.30,0.20,0.40,0.10,0.20,393.80,1.10,0.40,2.40,1.30,99.60,-0.30,100.60,-0.70,269.40,4.90,1.80,5.20,-15.50,0.00,0.10,0.10,18.20,23.80,22.60,0.80,4.70,0.30,0.30,0.00,0.00,-0.60,-0.20,1.00,1.10,-0.30,-0.70
6/30/2011,-0.30,98.70,99.40,98.10,-7.60,16.00,11463.00,9381.50,93.50,344332.90,420.90,16.10,0.30,11.70,0.10,1426.40,2673602.40,1920.00,0.60,3.20,3.10,154.50,262.60,0.20,0.30,0.10,0.10,390.90,1.20,2.40,2.30,1.30,99.60,-0.30,100.70,-0.70,271.60,5.10,1.80,5.30,-15.50,0.00,0.10,0.20,18.50,23.90,23.00,0.90,4.90,0.00,0.20,-0.10,-0.10,-0.50,-0.30,1.00,1.20,-0.40,-0.70
7/31/2011,-0.40,98.70,99.70,98.50,-1.60,15.20,11461.90,9384.80,93.70,345156.90,418.80,16.10,-0.10,12.80,0.10,1491.70,2729486.70,1936.70,0.50,3.10,3.00,151.00,261.30,0.20,0.30,0.00,0.10,393.60,1.30,2.70,2.30,1.40,99.60,-0.30,100.70,-0.90,273.50,5.10,1.90,5.50,-15.50,0.00,0.10,0.20,18.80,24.40,23.60,0.90,5.00,0.00,0.20,-0.10,-0.20,-0.60,-0.40,1.00,1.20,-0.50,-0.80
8/31/2011,-0.50,98.70,99.50,98.40,2.90,15.10,11442.80,9375.80,93.90,346406.70,416.10,16.10,-0.60,15.20,0.10,1529.40,2774536.90,1971.20,0.40,2.90,2.80,151.20,244.20,0.10,0.20,0.00,0.10,386.50,1.50,4.60,2.30,1.50,99.70,-0.70,100.90,-1.80,284.30,5.70,2.10,6.30,-15.50,0.00,0.00,0.20,23.80,26.80,28.90,0.90,5.50,0.00,0.10,-0.30,-0.20,-0.60,-0.40,1.00,1.20,-0.50,-0.80
9/30/2011,-0.60,98.70,99.60,98.50,1.40,15.10,11423.00,9366.30,94.30,347098.50,416.10,16.20,-1.40,16.50,0.10,1549.50,2798075.00,2036.10,0.20,2.60,2.50,147.10,224.00,0.10,0.20,0.00,0.10,374.30,1.60,7.10,2.20,1.60,99.80,-1.10,101.00,-2.70,297.90,6.20,2.50,7.20,-15.50,0.00,0.00,0.10,27.50,30.40,33.80,1.00,5.90,-0.20,0.00,-0.40,-0.30,-0.60,-0.40,1.10,1.30,-0.50,-0.80
10/31/2011,-0.70,98.60,99.80,98.70,3.70,14.80,11410.90,9358.70,94.50,349020.60,412.90,16.10,-2.30,17.40,0.10,1562.50,2814002.60,2115.00,0.20,2.50,2.40,146.60,213.40,0.10,0.20,0.00,0.00,358.10,1.70,8.70,2.10,1.70,99.90,-1.30,101.10,-3.10,305.30,6.50,2.70,7.70,-15.50,-0.10,-0.10,0.10,28.90,33.80,35.30,1.00,6.10,-0.20,0.10,-0.50,-0.30,-0.70,-0.40,1.10,1.30,-0.50,-0.90
11/30/2011,-0.70,98.60,99.60,98.50,6.10,15.40,11407.50,9359.60,94.90,350969.00,407.00,15.90,-3.10,18.00,0.10,1558.60,2817897.00,2188.60,0.10,2.30,2.20,149.20,202.00,0.10,0.20,0.10,0.00,344.80,1.80,8.40,2.10,1.70,99.90,-1.50,101.20,-3.60,307.90,6.70,2.90,7.90,-9.80,0.00,-0.10,0.00,29.70,38.20,36.80,0.90,6.30,-0.20,0.00,-0.50,-0.30,-0.80,-0.40,1.10,1.30,-0.50,-1.00
12/31/2011,-0.70,98.40,99.40,98.40,13.10,16.40,11416.40,9369.90,95.10,352831.60,397.90,15.70,-3.50,17.90,0.10,1556.90,2839707.50,2324.30,0.00,2.20,2.20,156.60,193.00,0.10,0.20,0.10,0.00,334.30,1.90,6.30,2.10,1.70,100.00,-1.50,101.20,-3.90,314.10,6.80,3.00,8.10,-9.80,0.00,-0.10,0.00,28.40,43.10,35.70,0.80,6.40,-0.60,0.10,-0.50,-0.30,-0.90,-0.30,1.00,1.30,-0.40,-1.00
1/31/2012,-0.60,98.20,99.30,98.30,17.60,17.70,11444.80,9402.80,95.40,354301.10,394.00,15.50,-3.50,18.20,0.10,1561.00,2860883.90,2427.60,-0.10,2.10,2.10,160.00,186.30,0.10,0.10,0.10,-0.10,333.20,2.00,4.70,2.10,1.80,99.90,-1.40,101.10,-3.90,318.60,6.80,3.00,8.10,-9.80,0.00,-0.10,-0.10,26.10,45.30,33.30,0.70,6.30,-0.50,0.20,-0.40,-0.30,-0.90,-0.20,1.00,1.30,-0.20,-1.00
2/29/2012,-0.50,98.10,99.10,98.10,16.80,19.80,11458.10,9418.50,95.80,355581.40,386.50,15.40,-3.50,18.20,0.10,1575.50,2884482.60,2496.20,-0.20,2.10,2.00,162.00,181.30,0.10,0.20,0.10,-0.10,335.50,2.10,3.40,2.10,1.90,99.80,-1.20,101.00,-3.50,318.20,6.60,2.90,7.80,-5.30,0.00,-0.10,-0.10,24.00,45.00,30.90,0.60,6.20,-0.30,0.40,-0.20,-0.40,-0.90,-0.20,0.90,1.20,-0.20,-1.00
3/31/2012,-0.40,97.90,98.70,97.80,22.30,22.20,11478.00,9440.20,96.20,358095.80,379.80,15.20,-3.20,18.10,0.10,1571.00,2885242.50,2664.60,-0.30,2.10,2.00,163.00,181.80,0.10,0.20,0.10,-0.10,335.10,2.10,2.70,2.20,1.90,99.70,-1.10,100.90,-3.10,314.60,6.30,2.70,7.30,-5.30,0.00,0.00,-0.10,21.70,45.50,28.40,0.50,6.00,-0.20,0.50,0.00,-0.30,-0.90,-0.20,0.90,1.20,-0.20,-1.00
4/30/2012,-0.40,98.00,98.60,97.40,20.50,23.80,11484.30,9447.60,96.30,360860.20,378.70,15.00,-2.80,18.10,0.10,1562.10,2880605.20,2750.40,-0.30,2.10,1.90,161.90,179.50,0.10,0.20,0.10,-0.10,331.10,2.20,2.70,2.20,2.00,99.70,-1.00,100.90,-2.80,315.50,6.20,2.60,7.20,-5.30,0.00,0.00,-0.10,20.60,45.10,28.10,0.50,5.90,-0.20,0.60,0.00,-0.30,-0.90,-0.10,0.90,1.30,-0.10,-1.00
5/31/2012,-0.40,97.60,98.50,97.50,24.90,23.90,11501.60,9463.00,96.60,361803.80,377.40,15.00,-2.20,17.60,0.10,1547.90,2872082.10,2813.40,-0.40,2.00,1.70,155.10,170.50,0.10,0.20,0.10,-0.20,323.80,2.20,2.20,2.20,2.00,99.70,-0.90,100.90,-2.60,319.90,6.20,2.60,7.20,-7.90,0.00,0.00,-0.10,20.80,43.90,29.10,0.40,6.00,-0.30,0.60,-0.10,-0.30,-0.90,-0.20,1.00,1.30,-0.20,-1.00
6/30/2012,-0.40,97.50,98.20,97.00,25.30,25.10,11532.70,9493.30,96.80,361493.90,378.00,14.90,-1.90,17.20,0.10,1536.90,2869872.90,2892.10,-0.50,1.90,1.70,149.70,159.70,0.20,0.20,0.10,-0.10,314.60,2.20,0.10,2.20,1.90,99.80,-0.90,100.90,-2.40,325.80,6.30,2.60,7.30,-7.90,0.00,0.00,-0.10,20.80,42.90,29.30,0.40,6.10,-0.40,0.50,-0.20,-0.30,-0.80,-0.20,1.00,1.40,-0.10,-0.90
7/31/2012,-0.50,97.50,98.20,97.00,25.00,26.20,11563.40,9519.30,97.00,360427.90,376.70,14.80,-2.20,16.90,0.10,1536.10,2866513.50,2948.10,-0.60,1.80,1.60,144.90,149.60,0.10,0.20,0.10,-0.10,308.00,2.20,-2.10,2.10,1.90,99.80,-0.80,100.80,-2.20,329.30,6.20,2.50,7.20,-7.90,0.00,0.00,-0.10,19.90,39.80,28.00,0.30,6.20,-0.40,0.30,-0.20,-0.30,-0.70,-0.10,1.10,1.40,0.00,-0.80
8/31/2012,-0.50,97.50,98.00,96.80,23.30,28.70,11566.80,9521.20,97.20,360264.80,375.40,14.80,-2.90,15.20,0.10,1535.20,2855467.60,2994.60,-0.60,1.70,1.50,144.90,146.90,0.10,0.20,0.10,-0.10,301.70,2.20,-5.40,2.20,1.90,99.70,-0.70,100.70,-1.90,327.90,6.10,2.40,6.90,-9.40,0.00,0.00,0.00,18.60,36.20,26.80,0.30,6.10,-0.40,0.20,-0.20,-0.40,-0.60,-0.30,1.00,1.30,-0.30,-0.80
9/30/2012,-0.50,97.40,97.90,96.80,24.90,31.10,11570.10,9522.60,97.20,360959.40,377.50,14.80,-3.20,14.40,0.10,1516.20,2844674.20,3015.10,-0.70,1.70,1.50,146.40,146.40,0.10,0.20,0.00,-0.10,305.20,2.10,-6.10,2.30,1.80,99.70,-0.60,100.60,-1.40,324.10,5.90,2.20,6.60,-9.40,0.00,0.00,0.00,17.70,32.50,25.60,0.20,6.00,-0.30,0.20,-0.20,-0.40,-0.70,-0.60,0.90,1.30,-0.60,-0.80
10/31/2012,-0.40,97.10,98.00,97.00,26.40,33.60,11559.40,9510.60,97.20,363195.90,375.70,14.70,-3.20,14.10,0.10,1504.90,2838733.80,3025.50,-0.80,1.70,1.50,146.10,146.00,0.10,0.20,0.00,-0.10,305.20,2.10,-4.70,2.30,1.80,99.60,-0.40,100.60,-1.00,313.00,5.70,2.10,6.30,-9.40,0.00,0.00,0.00,17.40,28.40,24.50,0.20,5.90,-0.30,0.10,-0.20,-0.30,-0.80,-0.70,1.00,1.30,-0.70,-0.90
11/30/2012,-0.40,96.80,97.60,96.60,33.20,35.70,11583.30,9530.10,97.30,364443.60,381.70,14.60,-3.20,13.40,0.10,1502.80,2844243.60,3029.60,-0.80,1.70,1.50,144.30,143.60,0.10,0.20,0.10,-0.10,302.70,2.10,-5.60,2.40,1.80,99.60,-0.30,100.50,-0.70,305.40,5.70,1.90,6.00,-9.40,0.00,0.00,0.10,17.10,25.50,23.10,0.20,5.90,-0.30,0.30,-0.10,-0.10,-0.90,-0.60,1.00,1.40,-0.60,-1.00
12/31/2012,-0.40,96.40,97.10,96.00,28.60,38.40,11700.70,9642.10,97.50,365356.60,376.40,14.50,-3.20,13.50,0.10,1507.00,2860794.40,3027.10,-0.90,1.70,1.40,142.80,144.20,0.10,0.10,0.10,-0.10,305.10,2.00,-7.80,2.40,1.80,99.60,-0.20,100.50,-0.40,301.70,5.50,1.80,5.70,-9.40,0.00,0.00,0.10,17.20,24.70,21.70,0.10,5.90,-0.20,0.50,0.20,0.00,-0.90,-0.40,1.00,1.40,-0.50,-1.00
1/31/2013,-0.40,96.30,96.50,95.40,32.00,40.80,11658.20,9592.50,97.70,366716.10,371.50,14.50,-3.10,13.20,0.10,1528.60,2898173.10,3003.50,-0.90,1.80,1.50,142.20,149.80,0.10,0.10,0.10,-0.20,306.80,2.00,-9.20,2.40,1.80,99.50,0.00,100.40,-0.10,295.50,5.30,1.70,5.30,-9.40,0.00,0.00,0.10,16.20,23.30,20.10,0.10,5.70,-0.10,0.60,0.30,0.00,-0.80,-0.40,0.90,1.30,-0.40,-0.90
2/28/2013,-0.30,96.20,96.30,95.20,29.40,42.60,11648.90,9579.70,97.80,367916.40,366.70,14.50,-2.70,12.90,0.10,1571.90,2947261.80,2934.30,-0.90,1.80,1.50,142.30,155.40,0.10,0.10,0.10,-0.10,308.50,2.00,-10.50,2.50,1.70,99.50,0.10,100.40,0.00,293.60,5.20,1.70,5.10,-6.30,0.00,0.10,0.10,15.60,21.00,20.00,0.10,5.60,-0.10,0.60,0.30,0.00,-0.90,-0.40,0.90,1.30,-0.40,-0.90
3/31/2013,-0.30,96.10,96.00,94.90,31.50,43.60,11657.00,9582.40,98.10,370321.40,360.20,14.30,-2.30,12.40,0.10,1625.70,3011603.40,2839.30,-0.90,1.80,1.50,140.80,159.20,0.10,0.20,0.00,-0.20,303.70,2.00,-10.30,2.50,1.70,99.50,0.20,100.40,0.00,293.00,5.00,1.60,5.00,-6.30,0.00,0.10,0.10,14.90,19.00,19.90,0.10,5.50,0.00,0.40,0.10,0.00,-0.90,-0.30,0.80,1.30,-0.40,-0.90
4/30/2013,-0.40,96.10,95.80,94.60,35.40,43.70,11680.90,9604.50,98.40,371010.40,359.00,14.20,-1.90,12.30,0.10,1684.90,3084367.10,2778.90,-0.90,1.80,1.40,135.70,156.40,0.10,0.10,0.00,-0.10,295.90,1.90,-12.70,2.50,1.60,99.40,0.20,100.40,0.10,291.30,4.90,1.60,4.80,-6.30,0.00,0.10,0.10,14.70,18.50,20.00,0.10,5.40,0.00,0.40,0.00,-0.10,-0.90,-0.30,0.80,1.40,-0.30,-0.90
5/31/2013,-0.30,95.90,96.00,94.60,28.40,42.90,11717.40,9635.00,98.50,371628.30,354.30,14.10,-1.70,12.20,0.10,1755.20,3178149.30,2710.30,-0.80,1.90,1.40,135.60,160.20,0.10,0.20,0.00,-0.10,289.10,1.90,-14.80,2.40,1.60,99.40,0.30,100.30,0.20,287.30,4.70,1.50,4.60,-10.90,0.00,0.10,0.10,14.30,17.80,19.30,0.10,5.20,0.20,0.40,0.00,-0.10,-0.90,-0.30,0.80,1.40,-0.40,-1.00
6/30/2013,-0.30,96.10,96.20,94.80,29.30,43.20,12127.10,9989.50,98.70,372654.20,351.80,14.10,-1.50,11.90,0.10,1828.10,3253298.10,2654.70,-0.60,2.00,1.50,138.00,170.40,0.10,0.20,0.00,-0.10,282.70,1.80,-17.00,2.30,1.50,99.50,0.20,100.40,0.20,287.60,4.70,1.50,4.60,-10.90,0.00,0.10,0.10,15.10,17.40,20.00,0.10,5.10,0.20,0.50,0.00,0.00,-0.80,-0.30,1.10,1.60,-0.40,-0.80
7/31/2013,-0.20,96.00,96.30,95.00,24.00,45.50,12419.20,10242.00,98.80,374051.00,350.40,14.00,-1.30,11.30,0.10,1904.20,3351038.50,2583.60,-0.30,2.20,1.50,141.60,186.30,0.10,0.20,0.00,-0.10,275.90,1.80,-16.30,2.20,1.50,99.50,0.20,100.40,0.10,284.10,4.70,1.50,4.60,-10.90,0.00,0.10,0.10,14.80,17.90,19.80,0.10,4.90,0.40,0.60,-0.10,0.00,-0.70,-0.30,1.10,1.60,-0.40,-0.80
8/31/2013,-0.10,96.10,96.50,95.20,22.50,48.50,12644.50,10435.60,98.90,375365.60,345.60,13.90,-1.30,10.50,0.10,1988.40,3430787.90,2511.00,-0.10,2.30,1.60,146.80,201.80,0.10,0.20,0.10,0.00,274.00,1.70,-15.70,2.20,1.50,99.60,0.20,100.50,0.20,279.60,4.60,1.40,4.50,-10.90,0.00,0.10,0.10,14.60,17.70,19.50,0.10,4.80,0.50,0.70,0.00,0.00,-0.70,-0.40,0.90,1.50,-0.50,-0.80
9/30/2013,-0.10,96.20,96.30,95.10,22.30,51.20,12823.10,10590.10,99.00,376886.00,337.90,13.80,-1.30,9.90,0.10,2072.00,3506068.20,2464.60,0.00,2.50,1.70,153.30,212.60,0.10,0.20,0.10,0.00,270.90,1.80,-15.10,2.20,1.50,99.60,0.20,100.50,0.20,275.80,4.60,1.40,4.40,-10.90,0.00,0.10,0.10,14.70,18.10,19.30,0.10,4.60,0.30,0.70,0.20,0.20,-0.70,-0.60,0.90,1.50,-0.60,-0.70
10/31/2013,-0.10,96.30,96.40,95.30,16.00,52.80,12957.80,10704.60,99.30,377641.40,340.40,13.70,-1.40,9.50,0.10,2158.60,3607949.90,2427.40,0.10,2.50,1.70,156.30,217.00,0.10,0.20,0.10,0.00,269.60,1.70,-15.60,2.20,1.50,99.60,0.30,100.40,0.30,274.40,4.50,1.40,4.30,-10.90,0.00,0.00,0.10,14.80,17.20,18.80,0.10,4.60,0.30,0.70,0.30,0.00,-0.70,-0.60,0.90,1.40,-0.60,-0.80
11/30/2013,-0.10,96.30,96.40,95.40,11.80,53.20,13059.00,10794.60,99.50,378824.40,339.50,13.60,-1.40,9.10,0.10,2245.60,3690823.70,2383.80,0.20,2.60,1.70,157.40,224.00,0.10,0.20,0.10,0.10,266.40,1.70,-16.10,2.20,1.50,99.50,0.40,100.40,0.40,272.20,4.40,1.30,4.20,-8.10,0.00,0.00,0.10,14.30,15.90,17.90,0.10,4.50,0.30,0.80,0.40,0.10,-0.80,-0.60,1.00,1.50,-0.60,-0.90
12/31/2013,0.00,96.50,96.30,95.30,17.60,53.40,13122.40,10850.80,99.70,380596.60,339.20,13.40,-1.40,8.80,0.10,2314.00,3777101.30,2355.60,0.30,2.70,1.80,159.40,233.20,0.10,0.20,0.00,0.10,265.50,1.70,-17.40,2.20,1.60,99.50,0.50,100.40,0.50,265.00,4.30,1.30,4.00,-8.10,0.00,0.10,0.10,14.30,15.10,17.70,0.10,4.40,0.20,0.80,0.40,0.10,-0.80,-0.50,1.00,1.40,-0.50,-0.90
1/31/2014,0.00,96.40,96.60,95.70,13.30,54.40,13173.80,10890.60,99.90,381657.00,335.60,13.20,-1.40,8.90,0.10,2366.70,3876423.00,2311.10,0.30,2.70,1.80,160.10,237.20,0.10,0.20,0.10,0.20,264.90,1.70,-17.90,2.20,1.60,99.50,0.50,100.40,0.50,256.20,4.10,1.30,3.80,-8.10,0.00,0.10,0.10,14.30,15.20,17.90,0.10,4.30,0.00,0.50,0.30,0.20,-0.80,-0.50,1.00,1.50,-0.50,-0.80
2/28/2014,-0.10,96.50,96.80,96.00,9.50,54.90,13218.50,10923.10,99.90,381509.90,335.20,13.00,-1.50,9.30,0.10,2431.60,3950148.70,2275.70,0.30,2.70,1.70,158.70,237.40,0.10,0.20,0.10,0.20,263.20,1.70,-16.90,2.20,1.60,99.40,0.50,100.40,0.50,251.90,4.10,1.20,3.60,-9.60,0.00,0.10,0.10,14.60,15.10,18.00,0.10,4.30,0.00,0.60,0.40,0.10,-0.70,-0.40,1.00,1.60,-0.40,-0.70
3/31/2014,0.00,96.60,96.80,96.10,6.30,52.30,13269.30,10963.10,100.20,381262.80,331.80,12.90,-1.70,9.80,0.10,2486.30,4021770.00,2244.00,0.30,2.70,1.70,154.20,236.00,0.10,0.20,0.10,0.20,260.60,1.70,-15.90,2.20,1.50,99.40,0.60,100.40,0.50,247.20,4.00,1.20,3.40,-9.60,0.00,0.10,0.10,14.60,15.10,18.30,0.20,4.30,0.00,0.70,0.50,0.00,-0.60,-0.50,1.00,1.70,-0.50,-0.60
4/30/2014,0.00,96.70,97.00,96.60,3.30,50.50,13307.40,10995.60,100.60,382781.10,328.20,12.80,-1.90,10.00,0.10,2536.00,4107833.10,2222.20,0.30,2.70,1.60,148.80,233.80,0.10,0.20,0.10,0.20,261.60,1.70,-14.90,2.20,1.60,99.30,0.60,100.30,0.50,239.60,3.80,1.20,3.20,-9.60,0.00,0.10,0.10,14.50,15.20,18.10,0.20,4.30,-0.20,0.60,0.50,0.00,-0.60,-0.60,1.00,1.50,-0.60,-0.60
5/31/2014,0.00,96.90,97.10,96.70,9.50,49.20,13340.90,11024.50,101.00,384323.90,325.20,12.60,-1.70,10.10,0.10,2564.40,4168851.10,2209.70,0.30,2.70,1.60,143.30,228.90,0.10,0.20,0.10,0.20,263.80,1.70,-14.10,2.20,1.60,99.20,0.70,100.20,0.40,234.40,3.70,1.10,3.10,-10.00,0.00,0.00,0.10,13.90,15.10,17.60,0.20,4.30,-0.30,0.60,0.30,0.10,-0.60,-0.70,1.00,1.40,-0.70,-0.60
6/30/2014,0.10,96.90,97.50,97.30,9.10,48.00,13395.30,11082.50,101.30,386277.10,321.90,12.40,-1.50,10.60,0.10,2594.10,4221226.50,2182.30,0.30,2.60,1.50,139.60,224.80,0.10,0.20,0.10,0.10,265.80,1.80,-12.50,2.20,1.60,99.10,0.80,100.10,0.50,230.70,3.60,1.10,3.00,-10.00,0.00,0.00,0.10,13.20,15.30,16.60,0.20,4.30,-0.60,0.60,0.40,0.20,-0.70,-0.70,1.20,1.40,-0.70,-0.60
7/31/2014,0.10,97.00,97.60,97.30,9.00,48.30,13443.20,11128.30,101.70,388215.40,317.20,12.30,-1.20,10.90,0.10,2625.50,4281023.30,2147.00,0.20,2.60,1.40,132.50,218.30,0.10,0.20,0.10,0.10,271.30,1.80,-11.60,2.20,1.70,99.00,0.80,100.10,0.50,227.50,3.60,1.10,3.10,-10.00,0.00,0.10,0.10,13.00,15.80,16.40,0.10,4.20,-0.60,0.60,0.30,0.10,-0.60,-0.50,1.20,1.30,-0.60,-0.60
8/31/2014,0.20,96.90,97.50,97.10,13.10,49.60,13494.80,11172.70,102.00,389445.50,312.00,12.20,-1.10,10.60,0.10,2671.60,4319607.50,2107.50,0.20,2.50,1.30,123.60,211.50,0.10,0.30,0.00,0.10,274.50,1.80,-10.50,2.20,1.70,99.00,0.80,100.00,0.50,227.80,3.70,1.00,3.10,-11.20,0.00,0.10,0.10,13.10,16.10,16.90,0.10,4.30,-0.60,0.50,0.30,0.10,-0.70,-0.60,1.10,1.20,-0.60,-0.70
9/30/2014,0.20,97.10,97.70,97.40,11.40,51.20,13537.40,11206.40,102.20,391498.50,308.20,12.10,-0.90,10.70,0.10,2696.70,4353201.60,2080.20,0.30,2.50,1.20,118.40,207.20,0.10,0.30,0.10,0.00,274.90,1.80,-10.40,2.20,1.70,99.00,0.80,100.00,0.60,227.40,3.70,1.00,3.20,-11.20,0.00,0.10,0.10,13.20,16.70,16.80,0.10,4.30,-0.60,0.50,0.30,0.20,-0.70,-0.60,1.20,1.20,-0.70,-0.60
10/31/2014,0.20,97.20,97.30,97.00,14.00,53.40,13558.90,11224.00,102.40,392390.10,301.50,11.90,-1.00,10.30,0.10,2699.20,4393470.20,2067.20,0.30,2.50,1.10,110.50,200.50,0.10,0.30,0.10,0.00,272.10,1.80,-11.70,2.10,1.70,99.10,0.70,99.90,0.50,231.60,3.90,1.00,3.30,-11.20,0.00,0.00,0.10,14.70,17.30,18.50,0.00,4.40,-0.60,0.40,0.20,0.20,-0.70,-0.90,1.10,1.10,-0.90,-0.70
11/30/2014,0.20,97.30,97.30,97.00,14.60,53.60,13597.90,11261.20,102.60,393377.50,298.50,11.80,-1.40,10.20,0.10,2647.90,4420436.70,2058.60,0.30,2.40,1.00,103.00,194.80,0.10,0.30,0.10,0.10,270.90,1.80,-11.50,2.00,1.70,99.10,0.70,99.90,0.50,236.00,4.00,0.90,3.40,-10.20,0.00,0.00,0.10,14.30,17.60,18.80,0.00,4.40,-0.50,0.40,0.30,0.20,-0.80,-0.80,1.20,1.20,-0.80,-0.80
12/31/2014,0.20,97.50,97.30,97.00,7.90,54.80,13646.50,11300.80,102.90,395249.90,295.80,11.60,-2.20,10.20,0.10,2636.10,4446737.50,2068.70,0.40,2.40,0.90,92.40,183.10,0.10,0.40,0.10,0.10,266.20,1.80,-12.00,1.90,1.60,99.10,0.60,99.90,0.40,241.60,4.30,0.90,3.50,-10.20,0.00,0.00,0.10,14.90,18.50,19.80,0.00,4.50,-0.70,0.40,0.20,0.10,-0.80,-0.90,1.00,0.90,-0.90,-0.80
1/31/2015,0.30,97.80,97.10,96.90,7.60,55.70,13721.70,11360.50,103.10,394698.20,293.50,11.50,-3.10,9.90,0.10,2649.70,4463859.30,2105.20,0.30,2.20,0.80,82.30,168.40,0.10,0.40,0.10,0.10,258.20,1.70,-13.80,1.80,1.60,99.20,0.40,99.80,0.30,247.30,4.50,0.90,3.50,-10.20,0.00,0.00,0.10,16.10,19.00,21.60,0.00,4.50,-0.70,0.40,0.20,0.10,-0.70,-0.80,0.90,0.80,-0.90,-0.70
2/28/2015,0.30,98.30,97.40,97.20,11.80,56.10,13786.20,11410.30,103.00,393154.70,292.70,11.30,-4.00,10.00,0.10,2606.10,4472951.10,2119.90,0.30,2.10,0.60,75.20,160.00,0.20,0.50,0.10,0.10,252.60,1.70,-16.20,1.80,1.50,99.20,0.40,99.70,0.20,248.70,4.50,0.90,3.50,-5.90,0.00,0.00,0.10,16.00,19.60,21.80,0.00,4.50,-0.90,0.50,0.20,0.10,-0.70,-0.80,0.80,0.70,-0.90,-0.70
3/31/2015,0.30,98.60,97.50,97.20,6.70,55.80,13826.90,11437.50,102.80,391510.00,293.30,11.20,-4.70,9.70,0.10,2625.80,4477268.50,2135.60,0.30,2.10,0.50,67.20,154.10,0.20,0.50,0.10,0.00,247.90,1.70,-19.10,1.80,1.50,99.30,0.30,99.40,0.20,249.30,4.50,0.90,3.50,-5.90,0.00,0.00,0.00,15.60,20.10,21.10,0.00,4.50,-0.90,0.60,0.30,0.10,-0.80,-0.80,0.80,0.70,-0.90,-0.70
4/30/2015,0.30,98.70,98.30,98.00,4.50,54.70,13876.60,11475.70,102.50,391358.30,290.70,11.10,-4.70,9.30,0.10,2646.70,4478912.60,2195.80,0.20,2.10,0.40,60.00,149.80,0.20,0.50,0.10,0.00,245.60,1.70,-18.60,1.80,1.40,99.30,0.30,99.20,0.10,251.10,4.50,0.90,3.50,-5.90,0.00,0.00,0.00,15.00,20.40,21.10,0.00,4.50,-1.00,0.70,0.40,0.10,-0.70,-0.90,0.80,0.60,-1.00,-0.70
5/31/2015,0.30,99.00,98.90,98.70,7.20,55.10,13923.00,11515.80,102.20,389689.30,285.50,11.10,-3.90,8.60,0.10,2628.90,4478947.90,2263.20,0.20,2.10,0.50,65.50,152.40,0.20,0.50,0.10,0.00,246.10,1.70,-19.20,1.80,1.40,99.40,0.30,99.20,0.10,256.30,4.50,0.90,3.50,-4.30,0.00,0.00,0.00,14.60,20.90,21.30,-0.10,4.40,-0.90,0.80,0.50,-0.10,-0.70,-0.80,0.90,0.70,-1.00,-0.70
6/30/2015,0.30,99.30,99.20,99.00,7.20,54.80,13928.10,11514.40,101.80,390760.90,282.50,10.90,-3.10,8.10,0.10,2607.30,4479301.80,2321.60,0.30,2.20,0.60,76.30,157.00,0.20,0.60,0.00,0.00,241.30,1.70,-18.70,1.90,1.40,99.50,0.30,99.20,0.10,262.20,4.50,1.00,3.50,-4.30,0.00,0.00,0.00,14.50,21.30,22.80,-0.10,4.30,-0.90,0.60,0.40,-0.20,-0.70,-0.70,1.00,0.80,-0.90,-0.70
7/31/2015,0.40,99.50,99.50,99.40,14.40,56.30,13944.40,11524.80,101.40,390697.00,280.70,10.70,-2.40,7.80,0.10,2602.60,4482438.90,2388.80,0.30,2.20,0.60,83.00,159.60,0.30,0.60,0.10,0.00,233.60,1.70,-18.10,1.80,1.40,99.60,0.30,99.20,0.10,270.30,4.60,1.00,3.60,-4.30,0.00,0.00,0.00,14.40,21.60,22.90,-0.10,4.20,-0.90,0.50,0.20,-0.20,-0.70,-0.60,1.00,0.80,-0.90,-0.70
8/31/2015,0.40,99.90,99.80,99.70,11.90,57.30,13969.70,11545.20,101.40,391697.50,278.70,10.60,-2.10,7.80,0.10,2604.20,4482906.70,2433.80,0.40,2.20,0.60,85.40,156.00,0.30,0.60,0.20,0.10,224.20,1.80,-17.70,1.80,1.30,99.80,0.10,99.30,0.00,279.60,4.80,1.10,3.80,-6.30,0.00,0.00,0.00,16.00,21.80,23.70,-0.10,4.20,-1.00,0.40,0.00,-0.40,-0.70,-0.70,0.80,0.60,-0.90,-0.70
9/30/2015,0.30,100.00,100.10,100.00,12.70,58.40,13996.40,11566.10,101.20,392755.70,276.80,10.40,-2.20,7.40,0.10,2615.60,4483713.10,2479.90,0.50,2.20,0.60,86.90,152.90,0.30,0.60,0.10,0.00,217.20,1.80,-16.70,1.70,1.30,100.00,-0.10,99.40,-0.10,291.00,5.00,1.20,3.90,-6.30,0.00,0.00,0.00,18.40,23.50,25.90,-0.10,4.30,-1.10,0.30,-0.10,-0.50,-0.70,-0.60,0.90,0.70,-0.80,-0.70
10/31/2015,0.30,100.10,100.00,100.00,14.70,59.10,14051.80,11615.00,101.00,393395.50,273.50,10.20,-2.60,6.80,0.10,2630.60,4487038.20,2536.30,0.50,2.20,0.60,85.50,149.80,0.30,0.50,0.10,0.00,211.70,1.80,-17.50,1.60,1.30,100.10,-0.10,99.50,-0.10,302.10,5.30,1.20,4.10,-6.30,0.00,0.00,0.00,17.80,24.50,25.20,-0.10,4.40,-1.00,0.30,-0.10,-0.50,-0.70,-0.60,0.90,0.70,-0.80,-0.70
11/30/2015,0.30,100.20,100.10,100.10,10.10,60.80,14101.60,11658.50,100.80,393835.10,272.50,10.20,-3.00,6.80,0.10,2622.50,4486721.60,2579.60,0.50,2.20,0.60,87.10,146.40,0.30,0.60,0.10,0.00,203.50,1.80,-16.80,1.60,1.20,100.10,-0.10,99.40,-0.10,307.30,5.40,1.20,4.10,-1.60,0.00,0.00,0.00,17.40,23.80,24.50,-0.10,4.30,-1.00,0.30,0.00,-0.40,-0.70,-0.60,0.80,0.60,-0.80,-0.60
12/31/2015,0.30,100.00,100.10,100.10,12.10,61.10,14146.90,11693.90,100.40,394213.60,271.60,10.10,-3.30,6.40,0.10,2564.60,4486739.20,2626.80,0.60,2.20,0.60,88.90,140.10,0.40,0.60,0.10,0.00,196.10,1.90,-15.40,1.60,1.20,100.20,-0.20,99.40,-0.20,312.00,5.80,1.30,4.20,-1.60,0.00,0.00,0.00,17.60,26.10,24.30,-0.10,4.30,-1.10,0.20,0.00,-0.40,-0.70,-0.70,0.60,0.50,-0.90,-0.60
1/31/2016,0.30,100.30,100.00,100.10,10.60,60.80,14182.30,11722.20,99.90,394264.60,273.50,10.00,-3.40,6.10,0.10,2510.70,4487547.00,2681.50,0.60,2.20,0.60,89.40,133.80,0.40,0.70,0.10,0.00,190.10,1.90,-14.60,1.60,1.20,100.40,-0.30,99.60,-0.30,319.40,6.10,1.30,4.50,-1.60,0.00,-0.10,0.00,19.20,27.80,25.80,-0.20,4.40,-1.20,0.20,-0.30,-0.50,-0.60,-0.60,0.70,0.60,-0.80,-0.60
2/29/2016,0.20,100.50,100.00,100.20,7.70,60.90,14214.10,11745.10,99.80,394867.80,272.70,9.90,-3.80,5.50,0.10,2493.00,4487100.20,2724.50,0.60,2.10,0.50,85.00,125.30,0.40,0.60,0.10,-0.10,187.50,2.00,-13.30,1.50,1.20,100.60,-0.50,99.70,-0.50,330.30,6.60,1.40,4.80,1.60,0.00,-0.10,-0.10,20.10,27.90,27.50,-0.20,4.60,-1.30,0.30,-0.40,-0.60,-0.70,-0.60,0.90,0.70,-0.80,-0.70
3/31/2016,0.20,100.70,100.80,101.10,16.50,60.10,14242.90,11766.90,99.60,394503.00,270.10,9.80,-4.40,5.40,0.00,2483.70,4486262.50,2768.70,0.50,2.00,0.40,80.70,118.10,0.40,0.60,0.10,0.00,188.10,2.10,-12.50,1.50,1.30,100.50,-0.50,99.70,-0.50,328.50,6.60,1.40,4.80,1.60,0.00,-0.10,-0.10,18.80,29.60,26.60,-0.20,4.70,-1.20,0.20,-0.40,-0.60,-0.80,-0.90,0.70,0.50,-1.20,-0.80
4/30/2016,0.20,100.70,100.90,101.10,16.20,59.50,14282.30,11801.60,99.20,394112.70,268.50,9.90,-4.70,5.80,0.00,2467.70,4486394.60,2837.80,0.40,1.90,0.30,77.10,113.90,0.50,0.60,0.10,0.00,188.90,2.10,-13.20,1.50,1.30,100.40,-0.40,99.80,-0.40,320.20,6.50,1.40,4.60,1.60,0.00,-0.10,-0.10,17.50,32.00,25.40,-0.30,4.70,-1.10,0.20,-0.30,-0.60,-0.80,-1.20,0.50,0.30,-1.40,-0.80
5/31/2016,0.20,100.80,100.70,100.90,10.90,59.00,14314.50,11830.20,99.00,395600.50,270.40,9.90,-4.30,6.50,0.10,2443.80,4482331.60,2896.50,0.30,1.90,0.30,74.00,109.20,0.50,0.60,0.10,0.00,188.10,2.10,-12.60,1.60,1.40,100.30,-0.30,99.80,-0.40,310.60,6.30,1.30,4.50,2.50,0.00,0.00,-0.10,16.70,32.30,24.90,-0.30,4.80,-1.10,0.30,-0.20,-0.50,-0.80,-1.20,0.40,0.20,-1.40,-0.80
6/30/2016,0.30,100.90,101.00,101.10,9.60,58.70,14326.40,11835.70,98.80,397082.40,269.30,9.80,-3.70,6.80,0.10,2421.90,4478025.10,2955.70,0.30,1.80,0.20,69.60,103.80,0.50,0.60,0.20,-0.10,188.80,2.10,-11.90,1.50,1.40,100.20,-0.30,99.80,-0.50,305.00,6.10,1.30,4.50,2.50,0.00,0.00,-0.10,17.10,33.70,26.70,-0.30,4.80,-1.20,0.30,-0.20,-0.60,-0.60,-1.20,0.50,0.20,-1.40,-0.70
7/31/2016,0.30,101.00,100.80,101.00,6.80,59.10,14370.30,11873.40,98.80,398661.40,265.80,9.70,-3.30,6.80,0.10,2389.80,4476303.40,3058.10,0.20,1.70,0.10,65.80,97.80,0.50,0.60,0.20,-0.10,192.50,2.20,-10.60,1.50,1.40,100.10,-0.30,99.80,-0.50,296.40,5.90,1.30,4.40,2.50,0.00,0.00,-0.10,16.00,35.20,25.40,-0.30,4.80,-1.20,0.20,-0.20,-0.50,-0.50,-1.10,0.40,0.20,-1.40,-0.60
8/31/2016,0.20,101.20,100.90,101.10,7.20,58.80,14400.90,11898.90,98.80,399933.90,265.30,9.70,-2.80,7.50,0.10,2379.10,4472980.50,3129.00,0.20,1.70,0.10,62.30,92.80,0.50,0.60,0.10,-0.10,195.00,2.20,-8.80,1.50,1.50,99.90,-0.20,99.80,-0.40,287.80,5.70,1.20,4.20,1.80,0.00,0.00,0.00,14.90,39.70,23.80,-0.30,4.80,-1.00,0.30,-0.10,-0.30,-0.50,-1.10,0.30,0.10,-1.30,-0.50
9/30/2016,0.20,101.40,101.00,101.20,6.20,58.80,14422.80,11918.30,98.80,400254.80,261.60,9.70,-2.40,8.00,0.10,2346.60,4471045.70,3216.10,0.10,1.70,0.00,61.70,90.80,0.50,0.60,0.10,-0.10,196.30,2.20,-7.80,1.50,1.50,99.90,-0.30,99.80,-0.30,281.90,5.50,1.20,4.10,1.80,0.00,0.00,0.00,14.70,44.60,22.60,-0.30,4.80,-0.80,0.20,-0.20,-0.20,-0.50,-1.20,0.30,0.10,-1.50,-0.50
10/31/2016,0.20,101.40,101.00,101.30,0.80,60.60,14472.50,11964.10,98.70,401388.30,259.20,9.70,-1.90,8.70,0.10,2274.70,4467809.60,3291.70,0.10,1.70,0.00,64.00,91.10,0.50,0.60,0.20,-0.10,197.80,2.20,-6.30,1.60,1.60,99.90,-0.30,99.80,-0.30,276.00,5.20,1.20,4.10,1.80,0.00,0.00,0.00,14.70,46.20,21.60,-0.30,4.80,-0.80,0.30,-0.20,-0.20,-0.60,-1.30,0.30,0.10,-1.50,-0.60
11/30/2016,0.30,101.90,101.10,101.40,7.40,61.30,14498.50,11989.10,98.70,404107.30,256.70,9.60,-1.40,8.80,0.10,2236.30,4463343.90,3363.50,0.20,1.80,0.10,71.80,98.80,0.60,0.70,0.10,-0.10,205.30,2.20,-4.90,1.70,1.60,100.00,-0.20,99.80,-0.30,269.80,5.10,1.20,4.10,1.10,0.00,0.00,0.00,14.80,43.80,21.70,-0.30,4.70,-0.80,0.40,-0.20,-0.10,-0.70,-1.50,0.20,0.00,-1.80,-0.60
12/31/2016,0.30,102.00,101.50,101.70,4.50,61.80,14524.70,12013.60,98.60,405737.50,255.00,9.50,-1.00,8.50,0.10,2177.70,4462414.50,3457.40,0.30,2.00,0.10,81.40,108.10,0.60,0.80,0.20,0.00,211.30,2.20,-2.30,1.70,1.70,100.00,-0.20,99.70,-0.30,259.20,4.80,1.20,4.00,1.10,0.00,0.00,0.00,14.10,43.90,20.30,-0.30,4.50,-0.90,0.20,-0.40,-0.10,-0.80,-1.80,-0.30,-0.50,-2.00,-0.80
1/31/2017,0.40,102.20,101.90,102.00,5.90,63.80,14548.00,12032.30,98.70,407996.50,252.90,9.40,-0.50,8.80,0.10,2153.40,4460275.60,3529.00,0.30,2.10,0.20,88.60,112.40,0.70,0.90,0.10,0.00,216.40,2.20,1.20,1.80,1.70,100.00,-0.10,99.70,-0.20,248.80,4.60,1.20,3.80,1.10,0.00,0.00,0.10,13.40,44.60,19.10,-0.30,4.40,-1.00,0.20,-0.30,-0.10,-0.80,-2.00,-0.60,-0.80,-2.20,-0.80
2/28/2017,0.50,102.40,102.10,102.20,6.80,64.70,14575.60,12053.10,98.70,410327.50,250.10,9.30,-0.20,8.90,0.10,2177.60,4459865.70,3600.50,0.30,2.20,0.20,95.20,114.90,0.70,1.00,0.20,0.00,222.20,2.20,7.50,1.90,1.80,100.00,-0.10,99.70,-0.20,241.70,4.40,1.20,3.70,3.60,0.00,0.00,0.10,12.90,44.50,18.10,-0.30,4.30,-1.00,0.20,-0.30,0.00,-0.70,-2.10,-0.80,-1.00,-2.20,-0.70
3/31/2017,0.50,102.50,102.10,102.00,6.20,64.80,14613.20,12082.10,98.60,412455.40,248.60,9.20,-0.10,9.00,0.10,2220.10,4462548.00,3705.80,0.30,2.30,0.30,101.90,115.50,0.80,1.10,0.10,0.10,226.00,2.20,10.90,1.90,1.80,99.90,0.10,99.60,-0.10,235.10,4.20,1.20,3.70,3.60,0.00,0.00,0.10,12.60,40.90,17.20,-0.30,4.20,-1.00,0.10,-0.30,0.00,-0.60,-2.10,-0.80,-1.00,-2.30,-0.60
4/30/2017,0.60,102.90,102.30,102.40,6.40,66.60,14622.30,12086.40,98.70,413217.30,247.20,9.00,0.00,8.70,0.10,2237.60,4466625.00,3827.40,0.30,2.30,0.30,102.40,112.70,0.90,1.10,0.10,0.10,226.60,2.10,11.80,1.90,1.80,99.80,0.10,99.60,-0.20,233.50,4.10,1.20,3.60,3.60,0.00,0.10,0.10,12.70,37.80,17.90,-0.40,4.20,-0.90,0.00,-0.20,0.10,-0.70,-2.00,-0.60,-0.70,-2.10,-0.70
5/31/2017,0.60,103.10,102.40,102.60,4.20,67.30,14645.80,12104.80,99.10,414673.50,245.20,8.90,0.10,8.60,0.10,2234.20,4467122.50,3927.00,0.40,2.30,0.30,103.20,108.60,1.00,1.20,0.10,0.10,226.00,2.10,10.90,1.90,1.80,99.80,0.30,99.60,-0.10,231.20,4.00,1.20,3.40,-2.30,0.00,0.10,0.10,12.20,32.90,17.00,-0.40,4.10,-0.80,0.10,-0.30,0.10,-0.70,-1.90,-0.40,-0.60,-2.10,-0.70
6/30/2017,0.60,103.40,102.70,103.10,3.30,68.10,14628.70,12089.00,99.40,415536.80,244.00,8.80,0.20,8.60,0.10,2226.30,4467673.40,4027.80,0.40,2.30,0.30,100.80,101.50,1.10,1.20,0.10,0.20,225.60,2.00,8.80,1.90,1.70,99.60,0.40,99.60,-0.10,227.30,3.90,1.10,3.20,-2.30,0.00,0.10,0.10,11.70,30.10,16.20,-0.40,4.10,-0.80,0.00,-0.30,0.10,-0.50,-1.60,-0.30,-0.50,-1.80,-0.50
7/31/2017,0.60,103.70,103.10,103.40,3.40,67.10,14631.30,12093.40,99.70,416097.40,243.70,8.70,0.10,8.80,0.10,2228.30,4468070.80,4086.00,0.40,2.30,0.40,105.40,99.40,1.10,1.30,0.10,0.20,228.10,1.90,5.60,1.80,1.70,99.50,0.50,99.60,0.00,221.80,3.80,1.10,3.10,-2.30,0.00,0.10,0.10,11.30,27.10,15.60,-0.40,4.10,-0.80,0.10,-0.20,0.20,-0.50,-1.40,-0.20,-0.40,-1.60,-0.50
8/31/2017,0.60,103.90,103.20,103.50,1.60,65.60,14628.90,12091.80,99.80,417821.60,243.00,8.70,0.00,8.50,0.10,2261.40,4466143.10,4136.20,0.40,2.30,0.40,107.30,95.60,1.10,1.30,0.10,0.20,236.20,1.80,3.50,1.80,1.70,99.40,0.60,99.70,0.10,218.50,3.80,1.00,2.90,-0.10,0.00,0.10,0.10,11.50,26.60,15.60,-0.40,4.20,-0.60,0.10,-0.30,0.20,-0.50,-1.40,-0.20,-0.30,-1.50,-0.50
9/30/2017,0.70,103.90,103.70,104.10,0.80,66.30,14627.50,12093.10,99.80,417942.30,250.20,8.60,-0.20,8.20,0.10,2271.20,4464299.00,4195.30,0.40,2.20,0.40,108.60,91.70,1.20,1.30,0.10,0.20,242.80,1.80,2.00,1.80,1.60,99.30,0.60,99.70,0.10,216.10,3.70,1.00,2.80,-0.10,0.00,0.10,0.10,11.20,26.50,14.90,-0.40,4.20,-0.50,0.10,-0.40,0.10,-0.50,-1.20,0.00,-0.10,-1.40,-0.40
10/31/2017,0.70,104.30,104.30,104.70,3.50,65.20,14629.90,12095.30,99.80,420487.00,248.50,8.40,-0.10,8.10,0.10,2263.90,4463871.40,4242.50,0.40,2.30,0.40,110.20,88.60,1.30,1.40,0.10,0.20,249.90,1.80,0.30,1.80,1.60,99.20,0.70,99.70,0.10,210.20,3.60,1.00,2.70,-0.10,0.00,0.10,0.10,10.80,25.30,14.00,-0.40,4.10,-0.40,0.10,-0.20,0.20,-0.50,-1.20,0.00,-0.10,-1.30,-0.50
11/30/2017,0.70,104.20,104.50,105.00,1.00,66.00,14635.90,12102.00,100.10,423047.90,245.50,8.30,0.00,8.20,0.10,2278.40,4459029.30,4287.80,0.40,2.30,0.40,109.70,81.60,1.40,1.50,0.10,0.30,256.30,1.80,-0.70,1.80,1.60,99.20,0.80,99.70,0.10,204.60,3.60,1.00,2.70,0.20,0.00,0.10,0.10,10.70,22.20,13.80,-0.40,4.10,-0.30,0.20,-0.10,0.20,-0.50,-0.90,0.20,0.10,-1.10,-0.50
12/31/2017,0.70,104.60,104.70,105.10,4.20,66.80,14649.60,12116.70,100.50,426597.10,241.70,8.30,0.30,8.20,0.10,2268.60,4455560.70,4348.90,0.40,2.30,0.40,108.00,74.40,1.40,1.60,0.10,0.30,260.70,1.80,-1.20,1.90,1.70,99.10,0.80,99.70,0.00,198.20,3.60,0.90,2.70,0.20,0.00,0.10,0.10,10.50,23.10,13.40,-0.40,4.00,-0.40,0.10,-0.10,0.10,-0.50,-1.00,0.30,0.10,-1.10,-0.50
1/31/2018,0.80,104.90,105.40,106.00,1.40,68.90,14668.00,12129.10,100.70,429807.00,240.80,8.20,1.00,8.10,0.10,2253.20,4449223.50,4386.10,0.50,2.40,0.40,109.70,68.50,1.60,1.80,0.10,0.30,268.10,1.80,-1.60,1.90,1.70,98.90,0.90,99.70,0.10,188.60,3.50,0.90,2.70,0.20,0.00,0.10,0.10,10.70,24.20,12.90,-0.40,4.00,-0.40,0.20,-0.10,0.10,-0.40,-1.00,0.30,0.20,-1.10,-0.40
2/28/2018,0.80,104.80,106.20,106.70,3.80,69.80,14692.00,12152.30,100.90,431109.00,236.40,8.20,2.00,7.70,0.10,2249.10,4439246.60,4418.70,0.50,2.50,0.50,114.10,68.50,1.70,1.90,0.10,0.30,272.70,1.80,-0.60,2.00,1.70,98.90,0.70,99.80,0.10,182.10,3.50,0.90,2.70,-2.60,0.00,0.10,0.20,14.60,24.20,15.90,-0.40,3.90,-0.30,0.20,-0.10,0.10,-0.40,-1.00,0.40,0.30,-1.10,-0.40
3/31/2018,0.80,104.80,106.10,106.80,2.90,70.10,14715.40,12172.00,101.10,432009.30,231.80,8.10,3.00,7.30,0.10,2225.60,4427830.10,4456.80,0.60,2.60,0.50,114.60,64.90,1.70,2.00,0.10,0.20,271.40,1.80,-0.20,2.00,1.70,98.90,0.50,99.80,0.00,181.70,3.50,0.90,2.80,-2.60,0.00,0.10,0.10,16.40,28.50,16.70,-0.40,4.00,-0.30,0.10,-0.20,0.00,-0.50,-1.10,0.20,0.10,-1.20,-0.50
4/30/2018,0.80,105.00,105.80,106.40,5.30,70.10,14736.30,12190.30,101.50,433303.80,230.50,8.10,3.20,6.90,0.00,2185.80,4414760.20,4481.90,0.60,2.70,0.50,113.80,60.20,1.80,2.10,0.10,0.20,273.60,1.90,-0.80,2.00,1.80,98.90,0.40,99.80,0.00,181.00,3.40,0.90,2.80,-2.60,0.00,0.00,0.10,17.00,32.60,16.10,-0.40,4.00,-0.40,0.00,-0.30,0.00,-0.60,-1.30,0.10,0.00,-1.40,-0.60
5/31/2018,0.80,105.30,105.70,106.10,7.30,69.50,14759.50,12209.30,102.00,434994.10,226.90,8.00,2.80,6.00,0.00,2139.10,4389972.60,4504.00,0.70,2.80,0.50,112.80,56.10,1.90,2.20,0.10,0.20,275.60,1.90,-2.00,2.10,1.90,99.00,0.40,99.80,0.00,182.30,3.40,0.90,2.90,-1.50,0.00,0.00,0.10,15.80,32.00,15.50,-0.40,4.10,-0.50,-0.10,-0.30,0.00,-0.60,-1.10,0.20,0.00,-1.20,-0.60
6/30/2018,0.80,105.40,105.50,106.10,10.00,69.60,15184.40,12578.30,102.20,437300.70,225.10,7.90,2.50,5.30,0.00,2096.00,4368946.90,4530.40,0.70,2.80,0.50,109.80,50.90,2.00,2.30,0.10,0.20,277.20,2.00,-2.20,2.10,1.90,99.00,0.40,99.90,0.00,185.10,3.40,1.00,3.10,-1.50,0.00,0.00,0.10,15.00,31.90,15.30,-0.40,4.10,-0.60,-0.10,-0.40,0.00,-0.60,-1.10,0.20,0.10,-1.20,-0.60
7/31/2018,0.80,105.60,105.80,106.50,6.00,69.20,15493.00,12845.80,102.50,439833.00,224.20,7.80,2.20,4.80,0.00,2054.20,4345757.00,4550.90,0.70,2.80,0.40,106.40,44.20,2.10,2.40,0.00,0.20,267.80,2.10,-1.30,2.10,2.00,99.10,0.40,99.90,0.00,186.70,3.40,1.00,3.20,-1.50,0.00,0.00,0.10,14.30,30.30,14.60,-0.40,4.10,-0.60,-0.10,-0.50,-0.20,-0.60,-1.10,0.20,0.10,-1.20,-0.60
8/31/2018,0.80,105.70,105.90,106.70,4.10,68.80,15723.30,13042.70,102.80,441584.70,221.10,7.60,2.00,4.30,0.00,2013.40,4308462.90,4572.40,0.70,2.90,0.40,103.20,38.30,2.20,2.50,0.00,0.20,259.70,2.20,-0.40,2.10,2.00,99.10,0.60,100.00,-0.10,187.10,3.40,1.10,3.30,-1.80,0.00,0.00,0.00,13.60,26.90,14.50,-0.40,4.20,-0.60,-0.30,-0.60,-0.20,-0.40,-1.10,0.20,0.10,-1.10,-0.40
9/30/2018,0.80,105.80,105.70,106.40,6.10,68.30,15894.40,13187.30,103.20,443162.00,218.40,7.60,1.70,4.10,0.00,1973.50,4278989.30,4589.90,0.80,2.90,0.40,101.80,34.30,2.20,2.50,0.10,0.20,253.60,2.20,0.80,2.10,2.00,99.10,0.70,100.00,-0.10,187.30,3.40,1.10,3.30,-1.80,0.00,0.00,0.00,13.30,23.40,14.50,-0.40,4.20,-1.00,-0.20,-0.50,-0.10,-0.30,-1.00,0.20,0.10,-1.10,-0.30
10/31/2018,0.80,105.80,105.80,106.50,5.90,67.90,16022.40,13293.70,103.50,444677.40,217.10,7.60,1.30,3.90,0.00,1932.50,4240705.80,4600.60,0.90,3.00,0.40,102.10,32.70,2.30,2.60,0.00,0.10,251.40,2.20,2.00,2.10,2.00,99.20,0.60,100.10,-0.20,188.20,3.40,1.10,3.40,-1.80,0.00,0.00,0.00,15.50,21.30,16.10,-0.40,4.20,-1.00,-0.20,-0.60,-0.20,-0.40,-1.10,0.20,0.00,-1.10,-0.40
11/30/2018,0.80,106.10,105.80,106.50,3.30,68.00,16121.60,13378.50,103.60,446501.30,217.80,7.60,0.70,3.40,0.00,1887.60,4206750.30,4614.20,0.90,3.00,0.40,100.50,30.50,2.40,2.70,0.10,0.10,247.70,2.20,3.70,2.10,2.00,99.40,0.50,100.20,-0.30,195.10,3.50,1.20,3.70,-6.60,0.00,0.00,0.00,16.60,23.00,16.70,-0.40,4.30,-1.00,-0.30,-0.70,-0.20,-0.50,-1.00,0.30,0.10,-1.10,-0.50
12/31/2018,0.70,106.40,105.70,106.40,0.20,65.70,16241.10,13485.80,103.70,448349.80,217.60,7.60,0.10,3.60,0.00,1831.50,4171707.90,4629.70,1.00,3.00,0.40,96.10,26.20,2.40,2.60,0.10,0.10,244.00,2.20,4.00,2.00,2.00,99.60,0.20,100.20,-0.40,205.60,3.90,1.30,4.00,-6.60,0.00,0.00,0.00,18.80,25.90,17.70,-0.40,4.50,-1.30,-0.30,-0.80,-0.20,-0.60,-1.20,0.20,0.00,-1.30,-0.60
1/31/2019,0.60,106.40,105.30,106.00,-1.90,62.90,16324.40,13538.60,103.70,447697.30,218.00,7.70,-0.90,3.40,0.00,1776.50,4130064.70,4650.70,0.90,2.90,0.30,91.20,23.10,2.40,2.60,0.20,0.00,241.20,2.20,1.90,1.90,2.00,99.70,0.10,100.20,-0.40,216.80,4.00,1.40,4.20,-6.60,0.00,0.00,0.00,19.00,26.50,17.60,-0.40,4.70,-1.50,-0.30,-1.00,-0.20,-0.60,-1.30,0.10,0.00,-1.30,-0.60
2/28/2019,0.60,106.60,105.00,105.80,-2.80,61.50,16389.40,13579.30,103.60,446537.50,220.60,7.60,-1.80,3.60,0.00,1739.00,4093343.70,4663.70,0.90,2.80,0.30,85.00,21.30,2.40,2.50,0.10,-0.10,243.10,2.20,-2.50,1.90,2.00,99.70,0.30,100.20,-0.30,219.70,4.00,1.40,4.20,0.90,0.00,-0.10,-0.10,18.00,23.80,16.70,-0.40,4.70,-1.20,-0.30,-1.00,-0.40,-0.60,-1.20,0.20,0.00,-1.30,-0.60
3/31/2019,0.60,107.00,105.10,105.70,-5.30,61.70,16429.50,13600.50,103.40,446287.60,220.50,7.50,-2.30,3.10,0.00,1716.80,4056729.80,4671.40,0.80,2.70,0.20,77.70,19.60,2.40,2.40,0.20,0.00,246.00,2.20,-5.30,1.90,1.90,99.60,0.40,100.10,-0.20,222.10,4.00,1.30,4.10,0.90,0.00,-0.10,0.00,17.00,20.40,16.10,-0.40,4.70,-1.00,-0.30,-1.00,-0.50,-0.70,-1.20,0.10,0.00,-1.30,-0.70
4/30/2019,0.60,107.30,105.10,105.80,-6.40,61.80,16458.10,13609.50,103.20,448200.00,217.90,7.50,-2.50,3.10,0.00,1671.80,4021587.20,4680.00,0.70,2.70,0.10,72.10,19.20,2.40,2.40,0.10,-0.10,248.00,2.10,-7.20,1.90,1.80,99.60,0.50,100.00,-0.10,220.80,3.90,1.30,3.90,0.90,0.00,0.00,0.00,15.90,18.20,15.30,-0.40,4.70,-0.90,-0.30,-0.90,-0.40,-0.60,-1.20,0.20,0.00,-1.30,-0.60
5/31/2019,0.60,107.60,105.20,105.90,-4.60,62.10,16490.60,13626.80,102.90,449258.30,218.60,7.40,-2.20,3.20,0.00,1626.00,3969876.80,4682.30,0.70,2.60,0.10,66.80,18.80,2.30,2.30,0.10,-0.10,245.00,2.10,-8.40,1.90,1.80,99.60,0.60,100.00,-0.10,222.20,3.90,1.30,3.90,4.00,0.00,0.00,0.00,16.10,16.40,15.70,-0.40,4.70,-0.80,-0.30,-0.90,-0.60,-0.70,-1.30,0.10,-0.10,-1.40,-0.60
6/30/2019,0.50,107.60,104.90,105.60,-4.40,63.20,16645.50,13774.60,102.80,451519.90,219.00,7.30,-1.90,3.60,0.00,1600.20,3933434.10,4683.60,0.60,2.40,0.00,60.40,20.40,2.20,2.10,0.10,-0.10,242.00,2.10,-10.20,1.80,1.70,99.50,0.60,100.00,-0.10,227.00,3.90,1.20,3.80,4.00,0.00,0.00,0.00,16.00,15.80,15.40,-0.40,4.80,-0.70,-0.40,-0.80,-0.60,-0.60,-1.40,0.00,-0.10,-1.50,-0.60
7/31/2019,0.50,108.00,105.00,105.80,-2.20,63.40,16754.40,13874.10,102.70,452615.10,217.80,7.20,-1.80,4.00,0.00,1575.50,3888767.30,4683.80,0.50,2.30,-0.10,54.40,20.80,2.10,1.90,0.10,-0.10,241.60,2.10,-11.20,1.80,1.70,99.40,0.60,99.90,0.00,225.90,3.80,1.20,3.60,4.00,0.00,0.00,0.00,15.20,15.20,14.60,-0.40,4.80,-0.70,-0.20,-0.70,-0.90,-0.60,-1.60,-0.10,-0.20,-1.60,-0.60
8/31/2019,0.40,108.20,104.70,105.50,-0.80,63.90,16845.80,13958.70,102.50,454250.80,216.90,7.20,-2.00,4.10,0.00,1559.90,3855705.60,4682.40,0.40,2.10,-0.30,45.80,15.90,1.90,1.70,0.10,-0.10,240.70,2.10,-11.20,1.70,1.70,99.40,0.50,99.90,-0.10,226.40,3.90,1.10,3.70,3.20,0.00,0.00,0.00,16.30,15.10,15.90,-0.40,5.00,-0.70,-0.30,-0.70,-1.00,-0.50,-1.90,-0.30,-0.30,-1.80,-0.50
9/30/2019,0.30,108.40,104.50,105.20,1.20,64.80,16927.50,14032.30,102.60,456460.60,215.80,7.10,-2.00,4.40,0.00,1525.60,3843362.50,4676.90,0.30,2.00,-0.40,38.90,12.50,1.80,1.60,0.10,-0.10,242.50,2.20,-11.00,1.70,1.80,99.30,0.40,99.80,0.00,224.90,3.90,1.10,3.60,3.20,0.00,0.00,0.00,16.10,15.60,15.80,-0.40,5.00,-0.80,-0.30,-0.70,-0.90,-0.50,-2.00,-0.30,-0.40,-2.00,-0.40
10/31/2019,0.30,108.60,104.30,105.00,2.00,65.70,16966.80,14065.00,102.50,457585.80,215.50,7.10,-2.10,4.70,0.00,1513.00,3887552.90,4680.10,0.30,1.90,-0.40,34.70,13.30,1.70,1.50,0.10,-0.10,243.90,2.30,-12.80,1.70,1.70,99.30,0.40,99.80,0.10,224.20,3.90,1.10,3.60,3.20,0.00,0.00,0.00,15.80,19.20,15.80,-0.40,5.00,-0.80,-0.30,-0.70,-0.90,-0.50,-2.20,-0.40,-0.40,-2.00,-0.50
11/30/2019,0.30,108.60,104.20,104.90,4.00,67.20,17014.60,14107.40,102.20,458623.30,215.90,7.00,-2.10,5.30,0.00,1517.60,3931599.30,4683.60,0.30,1.90,-0.40,33.30,15.00,1.60,1.40,0.10,-0.10,243.70,2.30,-12.90,1.70,1.70,99.20,0.40,99.70,0.10,221.10,3.80,1.10,3.60,6.30,0.00,0.00,0.00,14.90,21.90,14.90,-0.40,5.00,-0.70,-0.20,-0.70,-0.80,-0.50,-2.10,-0.30,-0.30,-2.00,-0.60
12/31/2019,0.30,108.90,104.00,104.70,6.90,68.30,17042.10,14133.00,102.10,459810.40,218.40,7.00,-2.20,5.60,0.00,1549.80,3984890.90,4687.80,0.20,1.90,-0.30,33.90,17.90,1.60,1.40,0.10,-0.10,243.20,2.30,-12.50,1.70,1.70,99.10,0.40,99.70,0.20,215.20,3.70,1.10,3.40,6.30,0.00,0.00,0.10,14.60,24.90,14.60,-0.40,4.90,-0.90,0.10,-0.50,-0.70,-0.60,-2.20,-0.40,-0.40,-2.00,-0.60
1/31/2020,0.30,108.80,103.70,104.30,16.70,70.50,17075.80,14152.40,102.00,461154.80,216.50,6.90,-2.10,5.90,0.00,1577.10,4044085.20,4680.30,0.20,1.80,-0.30,33.70,19.60,1.60,1.40,0.10,-0.10,242.40,2.30,-12.40,1.70,1.70,99.00,0.50,99.60,0.20,211.60,3.60,1.00,3.30,6.30,0.00,0.00,0.10,14.40,22.80,14.30,-0.40,4.80,-0.90,0.00,-0.50,-0.60,-0.60,-2.00,-0.30,-0.30,-1.80,-0.60
2/29/2020,0.30,109.00,103.00,103.70,19.90,71.80,17121.60,14186.90,101.70,461746.60,215.10,7.00,-1.90,6.00,0.00,1599.90,4079656.10,4681.10,0.10,1.70,-0.40,30.60,18.70,1.50,1.30,0.10,-0.10,237.80,2.30,-10.90,1.70,1.70,98.90,0.50,99.60,0.30,211.80,3.70,1.00,3.30,6.60,0.00,0.10,0.10,15.90,19.50,15.40,-0.40,4.80,-0.90,0.00,-0.70,-0.60,-0.60,-1.60,-0.10,-0.10,-1.50,-0.60
3/31/2020,0.10,109.30,103.00,103.70,25.40,72.40,17063.80,14108.10,101.60,461905.00,436.60,7.50,-2.60,8.40,0.10,1727.10,4242752.50,4732.60,0.10,1.50,-0.40,29.50,25.70,1.10,1.00,0.40,0.00,228.80,2.30,-10.30,1.50,1.80,99.40,-0.90,99.80,-0.40,251.00,5.00,1.30,4.40,6.60,0.00,0.10,0.10,28.50,46.50,28.10,-0.40,5.20,-1.00,-0.20,-0.90,-0.70,-0.70,-1.10,0.40,0.30,-1.10,-0.70
4/30/2020,-0.60,106.50,103.00,103.90,19.90,72.30,17558.90,13799.30,100.40,454077.00,1652.20,11.90,-6.50,13.60,0.10,2077.50,4955780.30,4886.90,-0.10,1.20,-0.40,27.50,30.70,0.80,0.70,0.30,-0.10,220.50,2.30,-9.60,1.40,1.70,99.50,-1.60,100.10,-0.80,280.30,5.80,1.50,5.00,6.60,-0.10,0.00,0.00,32.00,55.40,31.80,-0.40,5.30,-1.00,-0.40,-1.10,-0.60,-0.70,-0.70,0.70,0.50,-0.70,-0.70
5/31/2020,-1.00,101.20,99.80,100.40,6.50,60.20,17689.90,13632.10,95.80,430507.90,2015.10,14.60,-11.00,104.30,0.20,2403.30,5524255.10,5099.00,-0.20,1.10,-0.40,25.50,36.10,0.60,0.50,0.20,0.00,216.20,2.00,-10.00,1.30,1.50,99.60,-1.40,100.20,-0.90,294.00,6.10,1.60,5.30,28.90,-0.10,0.00,0.00,31.70,43.50,31.70,-0.40,5.30,-0.90,-0.20,-1.10,-0.60,-0.70,-0.50,0.90,0.60,-0.60,-0.80
6/30/2020,-0.90,102.10,92.50,92.50,-1.00,53.60,17768.00,13593.00,92.90,435196.50,1895.30,15.50,-13.80,170.30,0.20,2586.20,5978071.30,5300.20,-0.30,1.00,-0.40,25.20,41.10,0.40,0.40,0.20,0.00,216.80,1.80,-13.00,1.30,1.40,99.50,-1.20,100.20,-0.80,293.80,6.10,1.60,5.20,28.90,0.00,-0.10,0.00,31.60,33.50,32.10,-0.50,5.10,-0.90,-0.10,-0.90,-0.40,-0.80,-0.70,0.70,0.40,-0.80,-0.80
7/31/2020,-0.70,104.70,90.20,90.10,0.10,54.80,17843.60,13599.50,92.40,447106.30,1723.90,15.80,-12.60,217.90,0.30,2624.00,6312570.30,5651.10,-0.50,0.90,-0.50,23.90,42.70,0.30,0.30,0.20,0.00,222.30,1.60,-13.70,1.30,1.30,99.30,-0.80,100.20,-0.60,287.00,5.90,1.50,5.10,28.90,0.00,-0.10,0.00,30.10,25.90,30.40,-0.50,4.90,-0.80,0.10,-0.70,-0.40,-0.70,-0.70,0.80,0.50,-0.70,-0.70
8/31/2020,-0.60,106.10,90.70,90.80,6.50,59.70,17734.20,13636.20,93.10,457509.40,1515.40,15.40,-9.60,252.70,0.30,2674.20,6501242.20,5867.90,-0.60,0.80,-0.50,22.90,45.00,0.20,0.20,0.20,0.00,229.30,1.60,-12.40,1.40,1.30,99.10,-0.50,100.30,-0.30,280.00,5.60,1.40,4.90,57.30,0.00,-0.10,0.00,28.10,20.40,28.60,-0.50,4.80,-0.50,0.20,-0.50,-0.30,-0.50,-0.60,1.00,0.70,-0.70,-0.60
9/30/2020,-0.50,108.20,92.40,92.50,4.70,65.00,17733.90,13743.20,93.90,464758.70,1331.90,14.60,-6.80,278.20,0.30,2725.20,6688654.30,6045.90,-0.80,0.80,-0.50,22.20,47.60,0.20,0.20,0.20,0.00,235.60,1.60,-9.80,1.50,1.40,98.90,-0.40,100.30,-0.20,276.60,5.40,1.30,4.80,57.30,0.10,0.00,0.00,27.90,16.10,27.90,-0.50,4.70,-0.50,0.20,-0.50,-0.20,-0.50,-0.60,1.10,0.80,-0.70,-0.60
10/31/2020,-0.30,109.30,93.70,93.80,7.00,70.10,17713.40,13878.60,94.40,473016.50,1152.50,13.90,-4.50,296.50,0.40,2768.50,6816609.00,6285.80,-0.80,0.80,-0.50,20.70,52.10,0.20,0.10,0.20,0.10,241.20,1.70,-7.90,1.60,1.40,98.70,-0.30,100.40,-0.20,273.50,5.30,1.30,4.70,57.30,0.00,0.10,0.00,28.50,13.20,28.00,-0.50,4.60,-0.30,0.20,-0.30,-0.10,-0.50,-0.50,1.10,0.90,-0.60,-0.50
11/30/2020,-0.30,110.40,94.80,94.90,9.30,74.40,17638.40,13947.00,95.00,480067.50,1037.70,13.40,-2.80,310.40,0.40,2844.50,6925517.00,6445.40,-0.90,0.80,-0.50,19.90,57.20,0.10,0.10,0.10,0.10,249.40,1.60,-7.20,1.60,1.40,98.50,-0.10,100.30,-0.10,265.30,5.00,1.20,4.50,40.60,0.00,0.10,0.00,27.40,12.30,26.80,-0.50,4.60,-0.10,0.30,-0.20,0.00,-0.60,-0.50,1.00,0.90,-0.60,-0.60
12/31/2020,-0.20,109.70,96.20,96.40,10.90,78.80,17583.30,13978.30,95.60,483848.20,971.10,12.90,-1.40,320.20,0.50,2927.50,7062130.10,6596.30,-0.90,0.80,-0.50,18.50,63.90,0.10,0.10,0.10,0.10,261.10,1.60,-5.10,1.70,1.40,98.30,0.10,100.30,0.00,252.80,4.60,1.10,4.20,40.60,0.00,0.10,0.10,26.00,11.70,25.50,-0.50,4.50,-0.20,0.20,-0.20,0.10,-0.60,-0.40,1.20,1.10,-0.50,-0.60
