Date,Cycle Indicator Global,Eurozone Retail Sales,Eurozone Industrial Production exconstr,Eurozone Industrial Production manuf,US Privately Owned Housing Starts,US HomeBuilders Market Index,US Real Personal Income,US Real Personal Income exTrans,US Indus Prod Index,Adv Retail Sales US exFood Services,US JoblessClaims Seasonally Adjusted,US U6 Unemp Rate,World EPS forecast 3M Change,US M1 Growth YOY,RealUS M1 Growth YOY,FED Excess Reserves,Fed Balance Sheet,ECB Balance Sheet,Real Yield US,US 10yr Rate,Germany 10yr Rate,EU 10Y 2Y Curve,US 10Y 2Y Curve,Fed Fwd 6 Month,Fed Fwd 12 Month,Chinese Oil Imports,Japanese Export China,Industrial Metal Prices,US Core CPI,Inflation Surprise Global,US Breakeven Inflation,US PCE YOY,US Financial Conditions Index A,US Financial Conditions Index B,EU Financial Conditions Index A,EU Financial Conditions Index B,US IG Spreads,US HY Spreads,EU IG Spreads,EU HY Spreads,US Credit Standards,Global Equity 3 Month Momentum,Global Equity 6 Month Momentum,Global Equity 12 Month Momentum,Vix Index,Commercial Paper Spread,V2x Index,Eonia Spread,Equity Risk Premia,Sentiment Macro Fundamentals Global News Social,Sentiment Consumer Sentiment Global News Social,Sentiment Economic Growth Global News Social,Sentiment Trade Balance Global News Social,Sentiment environmental composite GLOBAL News,Sentiment social composite GLOBAL News,Sentiment governance composite GLOBAL News,Sentiment governance composite GLOBAL News Social,Sentiment social composite GLOBAL News Social,Sentiment environmental composite GLOBAL News Social
1/31/2000,0.8,89.8,91.4,89.6,-1.5,71,"9,198.90","8,026.00",90.6,"243,994.90",287.6,7.2,0.4,2,0,13.6,"594,206.70",745.3,4.2,6.2,5.1,122.7,20.8,5.8,5.2,1.2,0,115.7,2,-2.9,1.9,1.4,98.5,-0.1,98.9,0.1,200.5,3.6,0,0.1,7.1,0,0.1,0.2,23.2,58.5,26.2,2.9,1.4,0.7,0.9,1.4,0.1,0.3,0.1,0.5,1,0.3,0.1
2/29/2000,0.8,90,91.7,89.8,-2.9,70.4,"9,260.60","8,085.40",90.9,"245,984.40",289.5,7.2,0.6,1.8,0,13.2,"591,664.50",748.7,4.3,6.3,5.2,118.6,12.7,5.9,5.2,1.5,-0.1,117.7,2,-0.6,2,1.4,98.5,0,98.7,0.1,194.3,3.6,0,0.1,7.6,0,0.1,0.2,23.3,49.8,27.3,3,1.4,0.7,0.8,1.5,0.1,0.3,0,0.6,1.2,0.3,0.1
3/31/2000,0.9,90.3,91.8,89.8,-0.9,69.7,"9,310.30","8,133.70",91.3,"248,540.80",285.2,7.1,0.7,1.5,0,13.3,"588,879.50",754.6,4.3,6.3,5.3,108.8,0.3,6.1,5.2,1.8,0,118.8,2.1,1.5,2,1.5,98.5,0.1,98.5,0.2,200,3.7,0,0.1,7.6,0,0.1,0.2,23.2,41.8,27.7,3.1,1.4,0.6,0.6,1.4,0,0.2,-0.1,0.7,1.2,0.2,0
4/30/2000,0.9,90.5,92.2,90.3,-2.4,68.1,"9,358.60","8,177.80",91.6,"251,236.00",280.6,7.1,0.9,1.5,0,13.5,"590,164.30",760.3,4.2,6.2,5.3,100.5,-11.1,6.2,5.2,1.5,0,118.1,2.2,4.1,2,1.6,98.5,0,98.3,0.2,210.9,3.7,0,0.1,7.6,0,0.1,0.2,24.2,41.1,27.9,3.3,1.4,0.3,0.7,1,-0.1,0.4,-0.4,0.6,1.1,-0.1,0.2
5/31/2000,0.9,90.8,92.6,90.7,-0.4,66.6,"9,401.10","8,209.40",92,"252,200.60",281.2,7.1,1,1.1,0,13.8,"589,079.50",765.1,4.2,6.3,5.3,84.1,-18.6,6.4,5.2,1.3,0,118.9,2.2,5.8,2.1,1.6,98.7,-0.3,98.2,0.2,221.8,3.7,0,0.2,11.6,0,0.1,0.2,24.8,50.1,27.9,3.5,1.4,0.2,0.5,0.6,-0.1,0.3,-0.5,0.4,1.1,-0.2,0
6/30/2000,0.8,91.2,93.2,91.3,-0.9,65.6,"9,437.70","8,241.80",92.4,"253,093.30",283.1,7.1,1,0.9,0,13.6,"588,471.60",771.3,4.2,6.2,5.3,67.2,-23.9,6.6,5.2,1,0.1,118.5,2.3,6.1,2.1,1.7,98.7,-0.4,98.2,0.1,226.9,3.8,0,0.2,11.6,0,0,0.1,23.8,60.4,26.5,3.7,1.4,0.3,0.6,0.6,-0.1,0.2,-0.4,0.4,1.1,-0.1,0
7/31/2000,0.7,91.3,94,92.1,-0.7,63.4,"9,476.90","8,277.30",92.7,"253,921.80",286.3,7,1,0.7,0,13.6,"587,305.70",777.5,4.2,6.2,5.3,53.1,-25.1,6.6,5.2,1,0.2,119.2,2.3,6.4,2.1,1.7,98.7,-0.4,98.2,0.2,227.7,3.8,0,0.2,11.6,0,0,0.1,22.7,57.5,25,3.9,1.4,0.3,0.7,0.7,0,0.3,-0.5,0.3,0.9,-0.1,0.1
8/31/2000,0.7,91.5,94.2,92.4,-4,62.2,"9,516.30","8,311.70",92.8,"254,893.60",292.3,7.1,0.9,0.5,0,13.6,"586,105.60",781.6,4.1,6.1,5.2,37.8,-29.4,6.6,5.2,1.1,0.2,120.3,2.4,7.9,2,1.7,98.7,-0.2,98.2,0.1,232.6,4.2,0.1,1.5,14.3,0,0,0.1,21.3,49.7,23.7,4.1,1.4,0.1,0.6,0.6,-0.1,0.5,-0.4,0.1,0.6,-0.1,0.3
9/30/2000,0.7,91.6,94.7,92.9,-4.7,61.5,"9,546.20","8,337.80",92.9,"255,600.50",296.9,7,0.7,0.5,0,13.6,"586,234.90",788.7,4.1,6,5.2,31.5,-28.8,6.6,5.2,1,0.2,122.7,2.4,7,1.9,1.8,98.8,-0.2,98.1,0.1,238.8,4.7,0.3,3.1,14.3,0,0,0.1,20.9,47.5,23.1,4.2,1.4,0.1,0.4,0.2,-0.2,0.4,-0.4,0.1,0.5,-0.2,0.2
10/31/2000,0.7,91.8,95,93.2,-5.6,61.1,"9,566.90","8,355.50",93,"256,800.70",297.6,7,0.4,0.2,0,13.6,"586,356.00",796.8,4.1,5.9,5.2,27.5,-25.3,6.5,5.2,0.9,0.3,122.3,2.5,7.9,1.9,1.8,99,-0.3,98.1,-0.1,245.2,5.3,0.4,5,14.3,0,0,0.1,22.2,42.8,24,4.4,1.5,-0.1,0.3,0,-0.2,0.4,-0.3,0.3,0.7,0,0.2
11/30/2000,0.7,92.1,95.3,93.6,-5,61.4,"9,579.30","8,367.10",93,"257,521.90",303.7,7,-0.2,-0.3,0,13.8,"589,186.70",804.6,4,5.8,5.2,24.5,-22.2,6.5,5.2,1.2,0.3,121,2.5,9.2,1.9,1.8,99.1,-0.4,98,-0.2,248.5,6,0.5,6.6,22.1,0,0,0,23.4,38.7,24.5,4.5,1.5,-0.3,0.1,-0.3,-0.2,0.3,-0.5,0.2,0.4,-0.3,0.2
12/31/2000,0.5,92.4,95.6,94,-5.3,61.8,"9,594.50","8,376.20",93,"257,636.50",316.7,7,-1,-1.1,0,13.9,"593,976.80",818.5,4,5.7,5.1,25.1,-18.4,6.3,5.2,1,0.3,121.4,2.5,10.3,1.8,1.8,99.2,-0.7,98.1,-0.1,256.6,6.7,0.6,8,22.1,0,0,0,24.3,42.1,24.9,4.6,1.6,-0.4,-0.1,-0.5,-0.4,0,-0.6,0.1,0.2,-0.5,0
1/31/2001,0.3,92.6,96,94.5,-6.7,60.4,"9,622.70","8,394.20",92.9,"257,734.40",324.1,7.1,-1.8,-1.4,0,14,"597,553.30",825.7,3.8,5.5,5,29.5,-0.9,6,5.2,0.9,0.3,121.2,2.5,9.6,1.7,1.8,99.3,-0.7,98.2,-0.1,262,7,0.7,8.8,22.1,0,-0.1,0,24.4,38.7,24.7,4.6,1.6,-0.4,-0.3,-0.6,-0.2,0,-0.5,0.2,0.2,-0.4,-0.2
2/28/2001,0.1,93.1,96.5,95.2,-5.4,58,"9,650.20","8,412.70",92.7,"258,817.40",335,7.1,-2.2,-1.2,0,13.9,"599,299.30",829.2,3.7,5.4,5,30.9,11.9,5.6,5.2,0.6,0.4,120.8,2.6,11.3,1.7,1.9,99.3,-0.6,98.3,-0.1,266.1,6.9,0.7,9,31.2,0,-0.1,-0.1,24.2,34.8,23.8,4.7,1.7,-0.4,-0.2,-0.7,-0.4,0,-0.6,0.2,0.3,-0.5,-0.1
3/31/2001,0,93.3,96.6,95.3,-5.7,58,"9,678.10","8,431.20",92.4,"259,717.90",351.8,7.2,-2.6,-0.8,0,13.8,"600,891.10",831.2,3.6,5.2,4.9,34.7,25.1,5.3,5.2,0.4,0.4,119.6,2.6,12.1,1.7,1.9,99.6,-0.8,98.4,-0.2,275.3,7,0.7,9.5,31.2,0,-0.1,-0.1,25.5,34.5,24.6,4.8,1.8,-0.5,-0.2,-0.7,-0.4,-0.1,-0.7,0.1,0.1,-0.6,-0.2
4/30/2001,-0.2,93.4,96.8,95.5,-4.3,58.6,"9,689.50","8,430.90",92.1,"259,997.00",363,7.2,-3.1,-0.6,0,13.8,"602,572.80",832.6,3.5,5.2,4.9,39.3,44,5,5.2,0.2,0.4,118.2,2.6,12.5,1.7,1.9,99.8,-1,98.5,-0.2,280,7,0.7,10.1,31.2,-0.1,-0.1,-0.1,26.1,39.9,25.1,4.8,1.9,-0.4,-0.2,-0.6,-0.4,-0.3,-0.9,0.1,0,-0.8,-0.4
5/31/2001,-0.3,93.6,96.8,95.5,-2.7,58.7,"9,690.20","8,422.00",91.8,"261,323.30",371.8,7.3,-3.9,-0.1,0,14,"606,979.80",829.1,3.5,5.3,4.9,48.4,65.4,4.6,5.2,0.2,0.4,117.9,2.6,12.3,1.8,2,99.8,-0.9,98.5,-0.1,277,6.9,0.7,10.3,34,-0.1,-0.1,-0.2,25.2,36.8,23.9,4.8,1.9,-0.4,-0.1,-0.6,-0.4,-0.2,-0.8,0.1,0.2,-0.8,-0.3
6/30/2001,-0.3,93.7,96.6,95,-1.4,58.5,"9,688.60","8,413.10",91.4,"262,255.80",381.6,7.5,-4.4,0.6,0,14.1,"607,927.80",830.8,3.4,5.3,5,55.9,80.9,4.3,5.2,0.2,0.3,116.1,2.6,12,1.9,2,99.9,-0.7,98.5,0,275.5,6.9,0.7,10.4,34,0,-0.1,-0.2,24,31.1,23.3,4.7,1.9,-0.3,0.2,-0.7,-0.4,0.1,-0.9,0,0.1,-0.8,-0.1
7/31/2001,-0.4,93.8,96.5,94.8,0.4,58.6,"9,689.30","8,407.90",91,"263,324.40",385.8,7.6,-4.8,1.3,0,14.3,"611,651.60",836.3,3.4,5.2,5,62.2,92.6,4.1,5.2,0.2,0.3,113.1,2.6,9.9,1.8,2,100,-0.6,98.5,-0.1,275.9,7,0.7,10.7,34,0,-0.1,-0.2,23.5,23.7,23.8,4.7,1.9,-0.5,0,-0.8,-0.6,0.1,-0.9,-0.4,-0.1,-0.8,-0.1
8/31/2001,-0.4,93.9,96.4,94.7,4.3,58.2,"9,689.00","8,405.30",90.6,"263,674.60",389.7,7.8,-5.3,2.2,0,14.5,"616,677.40",837.2,3.4,5.2,4.9,67.5,102,3.9,5.2,0.1,0.2,109.8,2.6,6.8,1.8,2,100,-0.5,98.6,-0.2,280,7,0.7,11.1,28.6,0,-0.1,-0.2,23,16.8,24.3,4.6,2,-0.7,-0.1,-0.9,-0.7,0.3,-0.8,-0.3,0,-0.8,0
9/30/2001,-0.5,94,95.8,94.1,3.6,58.4,"9,694.40","8,404.50",90.2,"264,287.30",397.3,8,-5.8,4.3,0,20.1,"628,588.30",831.7,3.3,5,4.9,81,119.2,3.5,5.2,0,0.2,106.6,2.7,3,1.7,2,100.2,-0.8,98.8,-0.6,292.4,7.2,0.8,11.8,28.6,0,-0.1,-0.2,25.6,15.6,29.5,4.4,2.2,-0.9,-0.4,-0.9,-0.8,0.4,-0.7,-0.2,0.1,-0.7,0.2
10/31/2001,-0.7,94.1,96.1,94.4,3.6,57.4,"9,696.10","8,394.00",89.9,"263,250.90",420.4,8.4,-6.8,4.8,0,20,"632,661.40",823,3.3,4.9,4.8,95.1,139.4,3.1,5.2,-0.1,0.1,102.7,2.6,1.1,1.6,1.8,100.3,-0.9,98.9,-0.7,304.6,7.6,0.8,13,28.6,-0.1,-0.1,-0.2,27.8,13.3,33.1,4.3,2.4,-0.9,-0.6,-0.8,-0.9,0.4,-0.6,-0.4,-0.1,-0.5,0.3
11/30/2001,-0.7,93.9,95.9,94.1,2.4,54.2,"9,703.50","8,389.70",89.5,"268,064.10",432,8.7,-8.2,5.5,0,19.3,"636,440.80",815.6,3.2,4.8,4.7,102.1,153.3,2.7,5.2,-0.1,0.1,101.3,2.6,-2.2,1.6,1.8,100.3,-0.9,98.9,-0.8,308.4,7.8,0.9,13.4,33.2,-0.1,-0.1,-0.2,27.4,12.1,33.1,4.1,2.5,-0.8,-0.3,-0.5,-0.7,0.3,-0.5,-0.2,-0.1,-0.4,0.3
12/31/2001,-0.7,94.3,95.4,93.7,2.6,52.4,"9,717.60","8,391.70",89.1,"267,725.80",429.6,8.9,-9.2,6.4,0,19,"641,583.50",813,3.3,4.9,4.7,107.8,165.5,2.5,5.2,-0.2,0.1,100.7,2.7,-4.9,1.6,1.8,100.3,-0.9,98.9,-0.8,306.2,7.7,0.9,13.3,33.2,0,-0.1,-0.2,26.4,11.3,32,3.9,2.4,-0.7,0.1,-0.3,-0.4,0.2,-0.4,-0.3,-0.2,-0.3,0.1
1/31/2002,-0.6,94.5,94.9,93,2.5,53.1,"9,735.70","8,396.80",88.8,"267,702.10",423.9,9.1,-8.9,7,0.1,19.1,"648,837.10",828.3,3.4,4.9,4.8,109.2,175.8,2.3,5.2,-0.2,0,101.1,2.7,-8.6,1.6,1.8,100.4,-0.8,98.9,-0.7,301,7.5,0.9,13.1,33.2,0,-0.1,-0.2,25.2,9.3,30.5,3.7,2.3,-0.8,0.4,-0.1,-0.3,0.2,-0.2,-0.4,-0.1,-0.1,0.2
2/28/2002,-0.5,94.2,94.7,92.7,3.6,54.5,"9,747.30","8,399.30",88.8,"267,769.50",418.2,9.2,-8,7.3,0.1,18.9,"651,374.60",818.7,3.4,4.9,4.8,108.8,179.7,2.2,5.2,-0.1,0.1,101.6,2.7,-10.9,1.6,1.7,100.4,-0.8,98.9,-0.7,300.4,7.4,0.9,12.9,32.3,0,-0.1,-0.2,24.6,8.2,29.6,3.6,2.3,-0.5,0.4,-0.1,-0.2,0.2,-0.4,-0.5,-0.2,-0.3,0.2
3/31/2002,-0.3,94.3,94.6,92.5,6.1,55.5,"9,752.70","8,399.90",88.7,"267,964.80",412.9,9.3,-6.9,7.4,0.1,18.9,"653,907.70",809.3,3.4,5,4.9,106.5,177.8,2.3,5.5,-0.1,0,103.2,2.6,-13,1.7,1.6,100.5,-0.7,98.9,-0.6,295.6,7.2,0.9,12.8,32.3,0,0,-0.2,23,7.9,27.7,3.5,2.2,-0.4,0.5,-0.1,-0.4,0.2,-0.9,-0.4,-0.1,-0.9,0.2
4/30/2002,-0.2,94.5,94.5,92.6,5.3,57.4,"9,758.70","8,397.50",88.9,"268,460.90",420,9.4,-5.8,7.1,0.1,19.1,"656,912.40",803.1,3.3,5.1,5,105.1,179.5,2.3,5.5,0,0.1,104,2.6,-14.1,1.8,1.6,100.5,-0.6,98.9,-0.5,292.1,7,0.9,12.5,32.3,0,0,-0.2,22.1,8.7,26.4,3.4,2.2,-0.5,0.2,0,-0.1,0.1,-1,-0.2,0,-0.9,0
5/31/2002,-0.1,94.6,94.8,92.9,2.8,58.4,"9,766.60","8,399.20",89.2,"269,488.30",416.7,9.4,-4.7,6.9,0.1,19.2,"663,334.20",798.2,3.2,5.1,5.1,102.2,183.2,2.2,5.5,0,0.1,103.9,2.6,-14.2,1.9,1.6,100.6,-0.6,99,-0.5,293.1,6.8,0.9,12.2,22,0,0,-0.1,21.5,7.8,26.1,3.4,2.3,-0.5,0.1,0.1,0.1,0.1,-0.9,-0.1,0.1,-0.8,-0.1
6/30/2002,-0.1,94.7,94.9,92.9,4.8,59.2,"9,777.10","8,405.10",89.5,"269,361.70",409.3,9.5,-3.9,6.6,0.1,18.9,"667,774.40",794.9,3.2,5,5,100.4,186.7,2.2,5.5,0,0.1,104.6,2.5,-14.7,1.8,1.6,100.7,-0.6,99.2,-0.5,296.8,6.9,0.9,11.9,22,0,0,-0.1,22.6,7.6,28,3.4,2.4,-0.7,0,0,0.3,0.3,-0.7,-0.1,0.2,-0.6,0.1
7/31/2002,-0.1,94.7,95,93,4.9,59.7,"9,773.50","8,398.20",89.9,"269,914.90",403,9.5,-3.5,6.2,0,18.7,"672,515.30",788.7,3.1,4.9,5,101.8,194.7,2.1,5.5,0,0.2,104.3,2.5,-14.5,1.8,1.6,101,-0.9,99.4,-0.8,306.6,7.3,1,11.7,22,0,0,-0.1,26,7.2,34.3,3.4,2.5,-0.9,-0.2,-0.3,0.2,0.3,-0.9,-0.1,0,-0.8,0.1
8/31/2002,-0.2,94.9,95.3,93.3,3.2,60.1,"9,766.80","8,389.50",90.2,"271,553.20",398.8,9.5,-3.6,5.4,0,18.7,"675,560.40",781.6,2.9,4.7,4.9,103.2,199.5,1.9,5.8,0.1,0.3,102.5,2.4,-14.2,1.8,1.6,101.2,-1.1,99.5,-1,314.6,8,1,11.9,19.4,-0.1,-0.1,-0.2,28.2,7.2,37.9,3.3,2.6,-1,-0.4,-0.5,0.1,0.9,-0.8,-0.2,-0.2,-0.7,0.7
9/30/2002,-0.2,95.1,95.3,93.2,3.5,58.6,"9,760.80","8,380.40",90.3,"273,444.60",400.8,9.5,-4,3.6,0,18.8,"678,174.80",777.9,2.7,4.5,4.7,106.3,196.6,1.8,6,0.1,0.3,101.3,2.4,-12.8,1.7,1.6,101.4,-1.4,99.7,-1.3,325.7,8.3,1.1,11.9,19.4,-0.1,-0.1,-0.1,30.8,7.9,42.6,3.3,2.7,-1.1,-0.7,-0.7,0.2,0.7,-0.9,-0.4,-0.3,-0.8,0.5
10/31/2002,-0.3,95.3,95.4,93.4,6.9,59.9,"9,757.20","8,374.50",90.5,"273,719.00",402.4,9.6,-4.8,3.5,0,18.9,"680,746.20",779.3,2.6,4.3,4.7,114.2,198.8,1.7,7.5,0.1,0.4,100.5,2.3,-11.8,1.7,1.8,101.6,-1.6,99.8,-1.5,342.2,8.9,1.2,12.4,19.4,-0.1,-0.1,-0.2,32.1,9.2,45.6,3.3,2.8,-1.2,-0.9,-0.7,0.1,0.5,-0.6,-0.3,-0.3,-0.6,0.3
11/30/2002,-0.3,95.5,95.5,93.5,7,60.2,"9,757.50","8,373.00",90.5,"273,747.60",401.3,9.6,-5.4,3.5,0,19.3,"683,822.50",780.9,2.6,4.2,4.6,122.1,202.8,1.6,7.2,0.2,0.5,101.4,2.3,-9.1,1.6,1.8,101.5,-1.6,99.9,-1.4,346,9,1.2,12.4,18.2,-0.1,-0.2,-0.2,31,10.3,44.2,3.3,2.8,-1.1,-0.5,-0.4,0.3,0.3,-0.4,-0.3,-0.3,-0.3,0.2
12/31/2002,-0.3,95.5,95.5,93.3,7.7,60.7,"9,765.20","8,376.40",90.7,"273,953.10",402.6,9.7,-5.7,3.4,0,19.8,"692,122.10",792.5,2.5,4.2,4.5,129.2,208.1,1.5,7,0.3,0.5,102.1,2.2,-7.5,1.6,1.8,101.5,-1.6,100,-1.3,345.2,8.9,1.2,11.9,18.2,0,-0.1,-0.2,30.2,11,44.3,3.3,2.9,-0.8,-0.4,-0.3,0.3,0.4,-0.2,-0.3,-0.2,-0.2,0.2
1/31/2003,-0.3,95.3,95.6,93.6,9.5,61.4,"9,764.00","8,372.00",90.7,"275,399.40",401,9.7,-5.4,3.3,0,20.1,"703,522.20",789.5,2.4,4.1,4.4,136.2,214.6,1.4,6.4,0.3,0.5,103.5,2.1,-7.5,1.7,1.8,101.5,-1.6,100.1,-1.3,341.5,8.6,1.1,10.9,18.2,0,-0.1,-0.2,29.5,10.5,44.6,3.1,3,-0.8,-0.3,-0.1,0.4,0.1,-0.1,0.2,0.3,0,-0.1
2/28/2003,-0.4,95.3,95.2,93.3,9.4,61.5,"9,760.80","8,367.60",90.9,"275,834.10",403.6,9.8,-4.6,3.5,0,20.3,"708,989.30",787.8,2.3,4.1,4.3,140.9,218.1,1.3,6.4,0.4,0.5,105.1,2.1,-6.6,1.7,1.8,101.5,-1.6,100.2,-1.2,335.1,8.4,1.1,10.2,18.8,0,-0.1,-0.2,30.2,9.7,44.6,3,3.1,-0.8,-0.4,-0.2,0.2,0.1,0,0.6,0.6,0,-0.1
3/31/2003,-0.5,95.4,95.5,93.4,3.6,62,"9,767.10","8,371.20",91.1,"275,631.50",409.9,9.9,-4,3.6,0,20.6,"713,529.60",790.9,2.2,4,4.2,146.3,220.1,1.3,6.5,0.5,0.5,105.7,2,-3.5,1.8,1.8,101.5,-1.6,100.3,-1.2,329.4,8.2,1.1,9.8,18.8,0,-0.1,-0.2,30.3,8.7,45.4,2.9,3.2,-0.8,-0.6,-0.2,0.2,0.1,-0.1,0.7,0.8,-0.1,-0.2
4/30/2003,-0.5,95.3,95.7,93.4,4,60.3,"9,784.90","8,385.70",91.1,"277,473.70",415.6,10,-3.8,4.1,0,21.1,"722,096.90",788.2,2.1,4,4.2,151.5,223.8,1.2,6.5,0.4,0.5,105,1.9,-0.1,1.8,1.8,101.4,-1.4,100.3,-1,318.5,7.8,1,9.2,18.8,0,-0.1,-0.2,28.4,8.5,43,2.8,3.3,-0.8,-0.6,-0.3,0.1,0,-0.1,0.8,0.8,-0.1,-0.1
5/31/2003,-0.4,95.4,95.6,93.4,3.8,58.8,"9,820.60","8,417.00",91,"278,306.00",420.1,10,-3.7,4.8,0,21.6,"727,091.20",785.5,2,3.8,4.1,154.4,221.1,1.2,6,0.4,0.6,105.7,1.8,-0.3,1.8,1.7,101.1,-1.3,100.4,-0.9,308.4,7.4,1,8.4,12.5,0,0,-0.2,26.1,9.2,39.9,2.8,3.4,-0.9,-0.7,-0.4,0.1,0,0,0.9,0.8,0,-0.2
6/30/2003,-0.4,95.5,95.7,93.4,2.5,59.1,"9,854.30","8,445.10",90.9,"278,581.50",421.1,10.1,-3.5,5.5,0,21.9,"730,799.00",788.8,1.9,3.7,4,156.8,218.5,1.1,4.6,0.3,0.5,106.6,1.7,-1.4,1.8,1.7,100.8,-1.1,100.3,-0.7,302.3,7,0.9,7.6,12.5,0,0,-0.2,24.4,9.3,36.5,2.6,3.4,-0.9,-0.7,-0.4,0.2,-0.2,-0.1,0.9,0.9,-0.1,-0.3
7/31/2003,-0.2,95.4,95.2,93,4.3,60.2,"9,873.50","8,459.40",90.8,"279,259.60",420.3,10.2,-3.1,6.1,0,22.3,"734,924.40",793.9,1.9,3.8,4,163.1,228.3,1,3.6,0.3,0.5,107.9,1.7,-3.3,1.8,1.6,100.7,-1,100.3,-0.4,291.6,6.5,0.8,6.8,12.5,0,0,-0.1,22.9,10.1,33.5,2.4,3.4,-0.8,-0.3,-0.2,0.2,-0.2,-0.1,1,1.1,0,-0.4
8/31/2003,-0.1,95.4,94.9,92.7,7.2,61.6,"9,888.60","8,470.50",90.9,"281,514.60",413.5,10.1,-2.6,7,0,23.2,"736,854.20",798,2,4,4,162,237.2,1,3,0.2,0.5,109.4,1.6,-4.4,1.9,1.6,100.7,-0.8,100.3,-0.3,282.3,6.2,0.8,6.3,5.3,0.1,0.1,0,21.8,10.1,31.3,2.3,3.4,-0.8,-0.2,0,0.4,-0.2,0,1.1,1.2,0.1,-0.4
9/30/2003,0,95.4,95.2,93,8.6,63.1,"9,905.10","8,483.10",91,"283,594.40",409.9,10.2,-1.8,7.4,0.1,23.5,"738,907.00",802.8,2,4,4.1,164.8,243,1,2.8,0.2,0.5,111,1.5,-5.5,1.9,1.6,100.6,-0.7,100.3,-0.1,274.3,5.9,0.8,5.7,5.3,0,0.1,0,21.2,10.7,30.2,2.2,3.3,-0.7,-0.1,0.1,0.4,-0.1,0.1,1,1.1,0.2,-0.4
10/31/2003,0.1,95.5,95.1,92.7,8.3,64.2,"9,934.70","8,513.00",91.2,"285,560.90",400.3,10.2,-0.9,7.5,0.1,23.3,"742,101.90",806.3,2,4.1,4.1,164.9,246.5,1,2.7,0.3,0.5,114.7,1.4,-5.6,2,1.6,100.5,-0.6,100.3,0,266.1,5.5,0.7,5.2,5.3,0,0.1,0.1,20.2,11.9,29.1,2.2,3.3,-0.6,-0.3,0.4,0.5,-0.2,0.2,1,1.2,0.3,-0.5
11/30/2003,0.2,95.8,94.9,92.6,11.5,65.6,"9,973.40","8,551.00",91.3,"286,210.60",391.1,10.2,-0.3,7.5,0.1,23.3,"744,089.20",810.8,2,4.2,4.2,165.8,244.5,1.1,2.7,0.3,0.4,118.2,1.4,-6.1,2.1,1.6,100.4,-0.5,100.3,0.1,259.4,5.2,0.7,4.8,2.7,0,0.1,0.1,19.5,12.7,27.7,2.1,3.2,-0.5,0,0.6,0.7,-0.3,0.2,1,1.3,0.3,-0.5
12/31/2003,0.2,95.6,95.5,93,13.6,66.3,"10,003.90","8,578.10",91.6,"287,743.90",382.3,10.1,0.3,7.3,0.1,23.2,"750,145.00",821,1.9,4.2,4.2,165.8,242.5,1.1,2.7,0.2,0.3,124.2,1.3,-7.6,2.2,1.6,100.2,-0.4,100.3,0.2,252,4.9,0.6,4.6,2.7,0,0.1,0.1,18.7,14.4,25.9,2.1,3.1,-0.3,-0.1,0.5,0.5,-0.2,0.2,0.9,1.1,0.3,-0.4
1/31/2004,0.4,95.5,95.8,93.4,14,67.1,"10,020.10","8,590.00",91.8,"289,467.90",373.5,10,0.7,7.1,0,23.1,"753,347.20",821.3,1.9,4.2,4.2,167.9,241.7,1.1,2.5,0.4,0.3,130.5,1.3,-8.2,2.2,1.6,100,-0.3,100.3,0.3,246.5,4.5,0.6,4.3,2.7,0,0.1,0.2,18,14.5,24.1,2.1,3,-0.2,0.1,0.6,0.5,-0.1,0.2,1,1.2,0.4,-0.3
2/29/2004,0.4,95.8,96.1,93.7,10.9,67.3,"10,033.80","8,597.60",92,"289,969.40",371.2,9.9,1,7,0,22.7,"753,762.10",820.4,1.8,4.1,4.2,171,240.1,1.1,2.3,0.3,0.3,137.7,1.2,-7.2,2.2,1.7,99.9,-0.2,100.3,0.4,239.7,4.4,0.6,4.2,-3,0.1,0.1,0.2,17.5,13.4,22.7,2.1,2.9,-0.1,0.1,0.8,0.6,0,0.2,1,1.1,0.4,0
3/31/2004,0.4,95.9,96.2,93.8,11.6,66.9,"10,052.40","8,611.10",92.4,"291,513.50",364.1,9.9,1.2,7,0.1,22.7,"754,788.30",821.7,1.7,4,4.1,173,235.7,1.1,2.1,0.4,0.3,144,1.2,-5.8,2.3,1.7,99.8,-0.1,100.2,0.4,237,4.3,0.6,4.1,-3,0.1,0.1,0.3,17.6,11.9,22.9,2,2.9,-0.1,0.1,0.8,0.4,0,-0.2,0.6,0.7,0,0.1
4/30/2004,0.4,96.1,96.5,94.1,12.8,66.7,"10,078.10","8,632.40",92.5,"294,162.50",357.7,9.8,1.5,6.9,0,23.2,"757,324.60",829.8,1.7,4.1,4.1,173.8,233.7,1.1,2,0.4,0.3,147.3,1.3,-4.1,2.3,1.8,99.8,-0.1,100.2,0.4,230.2,4.1,0.6,3.9,-3,0,0.1,0.3,17,11.5,22.2,2.1,2.8,-0.1,0.1,0.8,0.3,-0.1,-0.3,0.4,0.5,-0.2,0.1
5/31/2004,0.4,96.5,96.6,94.2,15.4,67.3,"10,109.90","8,660.60",92.7,"295,742.70",351.9,9.8,1.8,6.4,0,23.5,"759,276.30",836.9,1.8,4.3,4.2,174.4,229.7,1.3,2.1,0.3,0.2,147.2,1.5,-2.9,2.4,1.8,99.9,0,100.2,0.4,223.3,4.1,0.6,3.8,-7.5,0,0.1,0.2,17.2,11.8,22.5,2,2.7,-0.1,0.1,0.8,0.3,-0.2,-0.2,0.4,0.4,0,-0.1
6/30/2004,0.5,96.3,96.9,94.6,14.7,67.8,"10,133.50","8,682.00",93,"298,079.90",350.3,9.7,2.2,5.9,0,23.5,"763,625.00",848.1,1.9,4.4,4.2,172.3,220.1,1.5,2.3,0.4,0.2,148.2,1.5,-1.2,2.5,1.9,100,0,100.2,0.5,218.5,4.1,0.5,3.8,-7.5,0,0.1,0.2,16.7,12.5,21.4,2,2.7,-0.3,0.1,0.7,0.2,-0.3,0,0.3,0.4,0.1,-0.1
7/31/2004,0.5,96.5,97.2,94.8,9.9,67.9,"10,159.90","8,710.60",93,"298,650.20",348.2,9.7,2.4,5.4,0,23.4,"767,321.50",859.3,1.9,4.4,4.2,168.9,210.2,1.7,2.5,0.4,0.3,150.3,1.6,0,2.5,1.9,100,0,100.2,0.5,217.4,4,0.5,3.7,-7.5,0,0.1,0.2,16.3,14.2,20.6,2,2.7,-0.3,0,0.3,0.1,-0.2,0.1,0.2,0.3,0.1,-0.2
8/31/2004,0.4,96.6,97.4,95.1,8.7,67.6,"10,195.70","8,741.90",93.2,"300,181.60",346,9.6,2.3,5.2,0,23.2,"768,620.80",864.2,1.8,4.4,4.2,166.7,200.8,1.8,2.7,0.4,0.2,151.3,1.7,-0.5,2.5,2,100.1,0,100.2,0.5,218.1,4,0.5,3.7,-9.2,0,0,0.2,16.4,14.7,20.4,2,2.7,-0.3,-0.2,0.3,-0.1,-0.2,0.1,0.3,0.4,0.1,-0.1
9/30/2004,0.4,96.5,97.8,95.6,9.2,68.3,"10,223.90","8,768.50",93.4,"300,911.70",343.7,9.5,2.1,5.1,0,23.2,"774,913.30",868.2,1.8,4.3,4.1,160.4,189.1,1.9,2.8,0.4,0.2,153.1,1.7,-0.7,2.4,1.9,100,0.1,100.2,0.6,217.4,3.9,0.5,3.6,-9.2,0,0,0.2,15.8,14.9,19.3,2,2.7,-0.3,0,0.4,-0.2,-0.2,0.1,0.4,0.4,0.1,-0.1
10/31/2004,0.4,96.6,97.4,95.1,6,67.9,"10,250.00","8,792.90",93.6,"303,111.80",341.4,9.6,1.9,5.1,0,23,"779,033.80",872.4,1.7,4.2,4.1,155.9,178.5,2,2.9,0.3,0.2,156,1.8,-1.2,2.4,1.9,100,0.1,100.2,0.6,216.2,3.8,0.5,3.5,-9.2,0,0,0.1,15.6,16.5,18.7,2.1,2.8,-0.1,-0.1,0.3,-0.3,-0.2,0.3,0.6,0.6,0.3,-0.2
11/30/2004,0.4,96.7,97.6,95.2,5.8,68.2,"10,262.90","8,804.30",93.9,"304,788.70",338.3,9.5,1.7,5.3,0,22.9,"785,051.90",878.4,1.7,4.2,4,151.4,165.8,2.2,2.9,0.3,0.2,159.5,1.8,-0.4,2.4,2,99.8,0.2,100.2,0.7,212.3,3.6,0.5,3.4,-11.1,0,0,0.1,15,15.5,17.8,2.1,2.8,-0.1,-0.1,0.3,-0.4,-0.3,0.4,0.7,0.7,0.3,-0.2
12/31/2004,0.5,96.9,97.9,95.6,0,68.7,"10,368.00","8,904.80",94.2,"306,577.60",334.9,9.5,1.4,5.3,0,22.8,"793,574.80",887.5,1.6,4.2,3.9,143.6,153,2.4,3,0.4,0.2,163.3,1.9,-1.5,2.5,2,99.7,0.3,100.2,0.7,206.8,3.4,0.5,3.3,-11.1,0,0,0.1,14.2,16.6,16.8,2.1,2.8,-0.1,-0.3,0.2,-0.4,-0.3,0.3,0.8,0.9,0.3,-0.2
1/31/2005,0.5,97.1,97.8,95.4,-0.2,69.4,"10,368.10","8,896.20",94.7,"309,284.60",337.2,9.4,1.2,5.1,0,23.7,"797,637.70",887.4,1.6,4.2,3.8,135.8,138.4,2.5,3.1,0.3,0.1,166.2,2,-4.5,2.5,2,99.6,0.3,100.1,0.8,199.8,3.3,0.5,3.2,-11.1,0,0.1,0.1,14,17.9,15.9,2.1,2.8,0,-0.2,0.2,-0.5,-0.2,0.5,0.7,0.9,0.6,-0.1
2/28/2005,0.5,97.4,97.7,95.3,3.3,69.6,"10,368.60","8,888.20",95.1,"310,554.70",331.6,9.3,1.1,4.7,0,23.1,"798,769.80",891.9,1.6,4.2,3.7,129.9,122.9,2.7,3.2,0.2,0.1,170,2.1,-8,2.5,2.1,99.5,0.4,100.1,0.9,190.9,3.2,0.5,3.1,-12.6,0,0.1,0.1,13.4,17.2,15,2.1,2.8,0.1,0,0.3,-0.5,0,0.5,0.8,0.9,0.6,0.1
3/31/2005,0.5,97.6,97.9,95.6,8,69.4,"10,367.60","8,880.90",95.6,"312,584.80",329.7,9.3,1.1,4.3,0,22.6,"800,454.00",898,1.6,4.3,3.7,127,109.7,2.9,3.4,0.1,0.1,175.5,2.2,-8,2.6,2.1,99.5,0.5,100,1,181,3.1,0.4,3,-12.6,0,0.1,0.1,13.3,16.3,14.4,2.1,2.7,0.1,0.1,0.2,-0.4,0.1,0.1,0.9,0.9,0.1,0.2
4/30/2005,0.4,97.8,97.9,95.6,3.8,69.6,"10,375.60","8,881.40",95.9,"310,789.70",328.4,9.2,1.2,3.6,0,22.4,"801,737.10",908.8,1.6,4.3,3.7,123.3,98.1,3.1,3.6,0.2,0.1,177.7,2.2,-6.7,2.6,2.1,99.6,0.4,100,1,178.8,3.2,0.5,3.1,-12.6,0,0.1,0.1,13.7,18.2,14.5,2.1,2.8,0.1,0.1,0,-0.3,-0.1,-0.3,0.9,0.8,-0.4,-0.1
5/31/2005,0.3,97.9,98,95.6,3.5,68.8,"10,397.40","8,896.60",96.2,"311,025.50",327.4,9.1,1.3,3.3,0,21.9,"803,119.00",913.9,1.6,4.2,3.6,120.2,84.5,3.2,3.7,0.2,0,177.2,2.2,-4.2,2.6,2.1,99.6,0.4,99.9,1,181.3,3.4,0.5,3.6,-15,0,0.1,0.1,13.7,21.5,14.4,2.1,2.8,0.1,0,0,-0.2,-0.4,-0.5,1,0.8,-0.7,-0.3
6/30/2005,0.3,97.9,98.4,96,3.2,69.2,"10,429.30","8,924.30",96.4,"310,736.50",328.2,9.1,1.3,3.2,0,21.4,"806,586.80",923.5,1.6,4.2,3.4,117.7,70.2,3.4,3.7,0.1,0,178.7,2.2,-4.2,2.5,2.1,99.6,0.4,99.8,1,183.1,3.5,0.5,3.8,-15,0,0,0.1,13.2,24.4,13.9,2.1,2.9,0.2,-0.1,-0.1,-0.2,-0.2,-0.7,0.9,0.6,-1,-0.2
7/31/2005,0.3,98.1,98.3,96,6,70,"10,460.70","8,956.20",96.7,"312,536.40",326.9,9,1.3,2.9,0,20.9,"809,309.80",945.8,1.7,4.2,3.4,113.9,59.5,3.5,3.8,0.1,0,180,2.1,-4,2.4,2.1,99.5,0.5,99.7,1.1,181.7,3.5,0.5,3.8,-15,0,0,0.1,12.6,24.6,13.7,2.1,2.9,0.2,-0.2,0.1,-0.1,-0.2,-0.6,0.7,0.4,-0.9,-0.2
8/31/2005,0.4,98.2,98.5,96.1,5,70,"10,485.50","8,977.50",96.8,"315,596.00",323.8,9,1.3,2.5,0,20.5,"811,756.60",958.2,1.7,4.2,3.3,109.5,47.9,3.7,4,0.1,0,184.1,2.1,-1.8,2.4,2.1,99.5,0.5,99.6,1.1,178.6,3.4,0.5,3.7,-12.7,0,0,0.1,12.7,23.6,14.1,2.1,2.9,0.3,-0.2,0.1,-0.1,-0.3,-0.8,0.6,0.3,-1.2,-0.3
9/30/2005,0.3,98.4,98.8,96.4,4.6,69.1,"10,486.70","8,979.20",96.9,"315,810.30",338.4,9,1.5,2.1,0,20.3,"814,634.40",965.2,1.7,4.2,3.3,102.3,41.3,3.8,4,0.1,0,187.2,2.1,-1.1,2.4,2.1,99.5,0.5,99.5,1.1,180.1,3.4,0.4,3.7,-12.7,0,0,0.1,12.7,27.1,14.3,2.1,2.9,0.3,-0.4,0,-0.1,-0.3,-0.7,0.8,0.4,-1,-0.3
10/31/2005,0.2,98.6,98.7,96.5,7,68,"10,497.40","8,990.70",96.5,"316,321.00",345.5,8.9,1.8,1.8,0,19.7,"816,325.50",973.6,1.8,4.3,3.3,95,35.2,4,4.2,0.1,0,191.7,2.1,1.2,2.5,2.2,99.6,0.4,99.5,1.1,181.3,3.4,0.4,3.6,-12.7,0,0,0.1,13.3,28,15.1,2.1,3,0.4,-0.2,0.1,0,-0.3,-0.7,0.9,0.6,-1,-0.2
11/30/2005,0.2,98.7,99,96.8,4.9,68,"10,527.20","9,019.10",96.6,"316,517.90",338.7,8.8,2.1,1.3,0,19.3,"820,338.90",982.2,1.9,4.3,3.3,88.9,28.9,4.2,4.3,0.1,0,198.5,2.1,4.5,2.5,2.2,99.6,0.5,99.5,1.1,182.8,3.4,0.4,3.6,-8.2,0,0,0.1,13,29.1,15,2.1,2.9,0.3,-0.1,0.1,0,-0.4,-0.8,0.9,0.5,-1.2,-0.3
12/31/2005,0.2,98.9,99.2,97.2,9.3,66,"10,564.90","9,056.50",96.9,"317,206.50",331.6,8.8,2,0.9,0,19.1,"826,425.50",997.3,1.9,4.4,3.3,79.1,22.6,4.3,4.5,0.1,0.1,210.1,2.1,4,2.4,2.2,99.6,0.4,99.4,1.1,183.7,3.5,0.4,3.6,-8.2,0,0,0.1,12.5,33.8,14.4,2.1,2.9,0.2,-0.1,0,0.1,-0.5,-1,0.8,0.4,-1.4,-0.4
1/31/2006,0.3,99.1,99.9,97.8,6,63.4,"10,625.20","9,108.30",97.3,"318,774.10",323.9,8.7,1.8,0.9,0,19.1,"829,650.70",1010.9,2,4.4,3.3,69.8,17,4.4,4.5,0,0.2,223.8,2.1,3.6,2.4,2.2,99.6,0.5,99.4,1.1,183.5,3.5,0.4,3.6,-8.2,0,0.1,0.1,12.4,30,14.6,2.2,2.9,0.3,-0.1,0.1,0.2,-0.5,-0.9,1,0.6,-1.2,-0.4
2/28/2006,0.3,99.3,100.1,97.9,6,61.6,"10,686.70","9,163.60",97.6,"321,682.90",313.9,8.6,1.4,0.8,0,18.8,"831,333.10",1020,2,4.4,3.4,65.4,10,4.6,4.6,0.2,0.1,235.5,2.1,4.5,2.4,2.2,99.6,0.7,99.3,1.1,180.1,3.4,0.5,3.6,-5.2,0,0.1,0.1,12.4,25.9,14.8,2.2,2.9,0.4,0,0.2,0.1,-0.6,-0.8,1,0.7,-1.2,-0.5
3/31/2006,0.3,99.5,100.4,98.2,3.1,60,"10,741.30","9,211.70",97.8,"323,128.90",308.7,8.5,1.2,0.8,0,19.4,"834,137.00",1032.1,2,4.5,3.5,59.9,6.8,4.7,4.7,0.2,0.2,247.5,2.1,4.2,2.5,2.2,99.6,0.7,99.3,1.1,176.8,3.3,0.5,3.5,-5.2,0,0.1,0.1,12.2,25,14.6,2.3,2.8,0.5,-0.1,0.1,0,-0.7,-1.1,0.9,0.5,-1.5,-0.6
4/30/2006,0.3,99.6,100.7,98.3,3.8,58.3,"10,788.70","9,254.60",98,"323,998.40",306.3,8.4,1.2,1.1,0,19.1,"835,699.30",1045,2.1,4.6,3.6,60,7.8,4.8,4.8,0.2,0.3,268.8,2.1,3,2.5,2.2,99.7,0.8,99.4,1,175,3.2,0.5,3.4,-5.2,0,0.1,0.1,12.1,25.7,14.6,2.4,2.8,0.5,0,0.1,0.1,-0.7,-1.1,0.9,0.5,-1.5,-0.7
5/31/2006,0.2,99.8,101.1,98.6,-0.6,56.2,"10,823.00","9,282.40",98.3,"324,991.70",312.4,8.3,1.2,1.2,0,18.8,"838,646.60",1054.6,2.2,4.8,3.7,61.2,9.8,5,5,0.1,0.2,303.2,2.2,3.3,2.6,2.2,99.7,0.8,99.5,1,171.9,3.1,0.5,3.3,-6.7,0,0.1,0.1,12.8,26.8,15.9,2.5,2.7,0.5,-0.1,0.2,0.1,-0.7,-1.4,0.7,0.3,-1.7,-0.7
6/30/2006,0.2,100.1,101.4,99.1,-1.6,53.3,"10,860.50","9,311.60",98.5,"326,070.40",312.1,8.3,1.4,0.8,0,18.4,"841,034.00",1069.1,2.3,4.9,3.8,59.3,6.4,5.1,5.1,0.1,0.3,315.4,2.2,3.3,2.6,2.3,99.8,0.7,99.6,0.8,170.8,3.1,0.5,3.2,-6.7,0,0.1,0.2,14,31.3,17.8,2.5,2.7,0.5,-0.2,0,0.1,-0.7,-1.4,0.5,0.1,-1.7,-0.7
7/31/2006,0.1,100.3,102.1,99.9,-4.8,50.1,"10,884.70","9,332.50",98.7,"326,740.80",314.4,8.4,1.4,0.6,0,17.9,"842,928.70",1083.2,2.4,4.9,3.9,55.2,3.7,5.2,5.2,0.1,0.3,332,2.3,3.5,2.6,2.4,99.9,0.7,99.6,0.8,170.2,3.2,0.5,3.2,-6.7,0,0.1,0.1,14.4,32.6,18.3,2.6,2.8,0.3,-0.3,-0.1,0,-0.5,-1.2,0.6,0.2,-1.6,-0.5
8/31/2006,0,100.5,102.6,100.5,-7.8,46.9,"10,904.20","9,346.10",98.8,"328,362.90",314,8.4,1.2,0.3,0,17.3,"843,842.00",1091.1,2.3,4.9,3.9,48.1,1.6,5.2,5.2,0.1,0.3,347.5,2.4,3.2,2.6,2.4,99.9,0.7,99.7,0.8,170.7,3.2,0.5,3.1,-6.2,0,0,0.1,14,30.7,18.1,2.7,2.8,0.3,-0.4,-0.1,0,-0.4,-1.1,0.6,0.2,-1.4,-0.3
9/30/2006,0,100.6,102.8,100.8,-11.7,42.9,"10,937.60","9,375.50",99,"329,598.10",314.7,8.3,1,-0.1,0,17,"844,441.90",1097.4,2.3,4.9,3.8,38.7,-0.4,5.2,5.1,0.1,0.2,358.6,2.5,2,2.5,2.5,99.8,0.7,99.7,0.8,171.1,3.2,0.5,3.1,-6.2,0,0,0.1,13.5,32.9,17.6,2.8,2.8,0.2,-0.4,-0.1,0.1,-0.4,-1.1,0.7,0.2,-1.5,-0.4
10/31/2006,0.1,100.7,103.1,101.2,-14,39.2,"10,982.20","9,417.50",99.1,"329,698.60",314.4,8.3,0.6,-0.2,0,16.5,"846,364.00",1102.8,2.4,4.8,3.8,31.1,-2.3,5.2,5.1,0.2,0.2,374,2.6,-0.3,2.5,2.5,99.8,0.8,99.7,0.8,170.8,3.2,0.5,3,-6.2,0,0,0.1,12.9,31,16.9,3,2.8,0.1,-0.4,-0.2,0.1,-0.6,-1,0.8,0.4,-1.4,-0.6
11/30/2006,0.1,100.8,103.3,101.6,-18,36.9,"11,024.80","9,457.80",99.2,"329,005.60",316.2,8.2,0.4,-0.2,0,16.2,"850,886.10",1107.3,2.4,4.7,3.8,22.9,-6,5.2,5,0.1,0.2,386.5,2.7,-4.9,2.4,2.5,99.7,0.9,99.6,0.9,168.1,3.2,0.5,2.8,-3.1,0,0,0.1,12.3,29,16.1,3.1,2.8,0.1,-0.3,-0.1,0.1,-0.7,-1,0.8,0.4,-1.3,-0.7
12/31/2006,0.1,101.1,103.4,101.8,-20.5,35.8,"11,071.10","9,496.00",99.2,"329,908.30",319.2,8.1,0.2,-0.3,0,16,"854,823.90",1119,2.3,4.7,3.8,16.9,-7.5,5.2,4.9,0.2,0.2,396.7,2.6,-7.6,2.4,2.5,99.6,0.9,99.6,0.9,167.6,3.1,0.5,2.7,-3.1,0,0.1,0.1,11.9,30.1,15.7,3.2,2.8,0,-0.3,0,0.2,-0.7,-0.7,0.8,0.4,-1.1,-0.7
1/31/2007,0.2,101.6,103.7,102.1,-19.6,35,"11,108.40","9,518.40",99.5,"330,631.90",320.2,8.2,0.1,-0.4,0,15.9,"857,286.20",1126.5,2.4,4.7,3.9,14.5,-8.6,5.2,4.9,0.1,0.2,397,2.6,-7.3,2.4,2.4,99.5,1,99.6,0.9,165.1,3,0.5,2.6,-3.1,0,0.1,0.1,11.7,27.2,15.7,3.3,2.8,0,-0.3,0,0.1,-0.8,-0.7,0.8,0.4,-1,-0.8
2/28/2007,0.2,101.5,104.4,102.9,-24.9,35,"11,143.50","9,543.40",99.6,"331,380.50",320,8.2,0,-0.6,0,15.6,"860,601.50",1129.7,2.4,4.7,3.9,13.4,-9.6,5.2,5,0.1,0.3,399,2.7,-7.8,2.4,2.4,99.5,1.1,99.6,1,162.6,2.8,0.5,2.5,-1,0,0.1,0.1,11.6,24,15.4,3.4,2.8,0,-0.3,0.1,0.1,-0.8,-0.7,0.9,0.5,-1,-0.8
3/31/2007,0.2,101.6,104.8,103.5,-26.4,36.1,"11,176.00","9,569.70",99.9,"332,128.60",318,8.1,0,-0.8,0,15.3,"863,056.00",1135,2.3,4.7,3.9,10.3,-7.3,5.2,4.9,0.1,0.2,408.1,2.7,-7.7,2.4,2.5,99.5,1,99.7,1,165.2,2.8,0.5,2.4,-1,0,0.1,0.1,12.6,23.6,16.6,3.5,2.8,0.2,-0.2,0.1,0.1,-0.8,-0.7,0.9,0.5,-1,-0.8
4/30/2007,0.1,102.1,105.2,104,-25.7,36.1,"11,199.40","9,586.90",100.3,"332,866.50",318.1,8.1,0,-0.6,0,15.3,"864,640.10",1144.5,2.3,4.7,4,8.9,-4.6,5.2,4.9,0.1,0.2,428.3,2.6,-6.1,2.4,2.4,99.4,1,99.7,1,166.8,2.8,0.5,2.3,-1,0,0.1,0.1,12.7,25.6,16.8,3.6,2.8,0.4,-0.2,0.3,0.1,-0.8,-0.6,0.9,0.6,-0.9,-0.8
5/31/2007,0.2,102.3,105.7,104.4,-23.6,35.2,"11,214.30","9,599.20",100.7,"333,537.80",314.5,8.2,0.2,-0.6,0,15.5,"868,505.40",1152.4,2.3,4.7,4.1,7.4,-3.8,5.2,4.9,0.1,0.2,445.3,2.5,-4.8,2.4,2.4,99.3,1,99.7,1,166.1,2.7,0.5,2.2,-5.3,0,0.1,0.1,12.9,31.6,16.8,3.6,2.7,0.5,-0.1,0.4,0.1,-0.8,-0.6,1.1,0.7,-0.9,-0.8
6/30/2007,0.2,102.1,105.6,104.4,-24.6,33.7,"11,223.90","9,613.00",101,"335,590.10",314,8.2,0.4,-0.6,0,15.4,"868,356.40",1164.3,2.4,4.8,4.2,8.8,1.1,5.2,5,0.1,0.2,448.4,2.4,-3.9,2.4,2.3,99.3,0.9,99.7,1,164.3,2.7,0.5,2.2,-5.3,0,0.1,0.2,13.5,39,17,3.7,2.7,0.5,-0.1,0.4,0.2,-0.8,-0.7,1.1,0.8,-1,-0.7
7/31/2007,0.1,102.3,106.1,104.8,-23.2,32.1,"11,238.20","9,624.70",101.2,"335,914.90",314.6,8.3,0.6,-0.4,0,15.3,"869,433.90",1173.6,2.5,4.9,4.3,8.5,6.1,5.2,5,0.1,0.2,450.9,2.4,-3.5,2.4,2.2,99.3,0.8,99.8,0.9,165.1,2.9,0.5,2.3,-5.3,0,0.1,0.2,14.6,38.3,17.8,3.8,2.7,0.7,-0.1,0.6,0.3,-0.6,-0.6,0.9,0.5,-0.8,-0.5
8/31/2007,0,102.4,106.5,105.1,-22.8,29.8,"11,252.40","9,637.20",101.4,"336,529.00",315,8.3,0.7,-0.2,0,16.1,"868,975.30",1184,2.5,4.8,4.3,11.9,15.5,5,4.8,0.2,0.2,440.6,2.3,-1.8,2.4,2.2,99.4,0.2,99.8,0.3,175.4,3.3,0.6,2.6,-0.3,0,0.1,0.2,17.8,61.5,20.7,3.9,2.8,0.7,-0.2,0.3,0.3,-0.4,-0.4,0.8,0.4,-0.7,-0.3
9/30/2007,0,102.5,106.8,105.4,-21.8,27.6,"11,274.90","9,652.60",101.5,"337,487.30",315.3,8.3,0.6,0.1,0,15.9,"872,165.00",1199,2.4,4.7,4.3,15.1,24.9,4.8,4.7,0.2,0.2,434.2,2.3,-1.9,2.4,2.1,99.3,-0.3,99.9,-0.2,183.8,3.5,0.7,2.9,-0.3,0,0.1,0.2,18.9,82.8,21.6,3.9,2.8,0.6,-0.2,0.2,0.2,-0.5,-0.5,0.9,0.6,-0.7,-0.4
10/31/2007,-0.1,102.5,107.2,105.8,-24.5,25.4,"11,292.70","9,662.60",101.7,"338,909.80",317.1,8.3,0.4,0.3,0,15.7,"874,562.90",1215.8,2.4,4.7,4.3,18.2,33.9,4.7,4.5,0.1,0.2,433,2.2,-1.4,2.3,2.1,99.2,-0.5,99.9,-0.6,187.6,3.7,0.7,3.1,-0.3,0,0.1,0.2,19,88.4,21.1,3.9,2.8,0.4,0,0.4,0.1,-0.5,-0.3,0.9,0.7,-0.4,-0.5
11/30/2007,-0.2,102.5,107.4,105.9,-21.9,23.6,"11,305.70","9,664.60",101.8,"339,827.00",322.8,8.4,-0.1,0.2,0,15.5,"878,091.60",1235.6,2.2,4.5,4.2,21.8,47.1,4.5,4.2,0.2,0.2,423.4,2.2,0,2.4,2.1,99.2,-1,100,-0.9,198.2,4.1,0.8,3.4,7.4,0,0.1,0.2,20.9,106.7,21.9,4,3,0.3,-0.1,0.3,0,-0.6,-0.3,0.9,0.6,-0.5,-0.6
12/31/2007,-0.3,102.5,107.8,106.2,-22.4,22.3,"11,330.20","9,660.90",102,"342,024.40",329.1,8.5,-0.5,0.3,0,15.3,"880,546.00",1285.7,2,4.4,4.2,24.2,60.8,4.3,4,0.1,0.1,410.4,2.2,5.1,2.4,2.2,99.2,-1.5,100,-1.3,213.8,4.5,0.9,3.7,7.4,0,0,0.1,21.1,129.9,21.3,3.9,3,0.2,-0.2,0,0,-0.7,-0.4,0.8,0.5,-0.6,-0.7
1/31/2008,-0.5,102.4,107.8,106.2,-26.6,21,"11,346.30","9,647.60",102.1,"342,840.30",333.1,8.7,-0.9,0.3,0,15.4,"885,421.60",1296.3,1.8,4.2,4.2,30.9,79.8,3.9,3.6,0.1,0.1,404.8,2.3,9.2,2.3,2.2,99.3,-1.7,100.1,-1.3,233.7,5.1,1,4.3,7.4,0,0,0.1,22.5,122.3,23.2,4,3.3,0.1,-0.3,-0.2,0,-0.8,-0.4,0.9,0.6,-0.6,-0.7
2/29/2008,-0.6,102.3,108.1,106.5,-25.6,20.5,"11,360.10","9,628.70",102.2,"343,341.30",337.4,8.8,-1.5,0.6,0,15.2,"884,748.30",1310.2,1.7,4.1,4.1,42.8,106.3,3.4,3.2,0.1,0.1,412.5,2.3,12.4,2.3,2.2,99.3,-1.8,100.2,-1.3,254.5,5.6,1.2,5,16.4,0,0,0.1,23.2,113.5,24.7,4,3.5,0,-0.5,-0.3,-0.1,-0.7,-0.3,0.8,0.6,-0.5,-0.7
3/31/2008,-0.7,102.5,108.5,107.1,-25.6,20.3,"11,371.80","9,608.00",102.1,"342,949.50",343,8.9,-2.1,0.9,0,15.6,"886,494.40",1327,1.5,3.9,4,45.3,128.6,3,2.8,0.1,0,424.3,2.3,15.1,2.4,2.2,99.4,-2.3,100.4,-1.8,278,6.2,1.3,5.6,16.4,0,0,0.1,24.3,124.5,26.1,4,3.7,-0.2,-0.5,-0.3,-0.2,-0.8,-0.4,0.9,0.6,-0.6,-0.8
4/30/2008,-0.8,102.2,108.7,107.5,-27.6,20.2,"11,367.00","9,586.20",102,"342,964.80",349.2,9,-2.6,0.9,0,15.8,"886,713.50",1345.6,1.4,3.8,4,43.8,138.1,2.6,2.6,0.2,0,432,2.4,18.4,2.3,2.2,99.4,-2.5,100.5,-2.1,293.6,6.4,1.5,5.8,16.4,0,-0.1,0,23.4,134.6,25.2,4,3.8,-0.4,-0.5,-0.1,-0.2,-0.8,-0.4,0.9,0.7,-0.6,-0.8
5/31/2008,-0.9,102.1,108.8,107.4,-28.9,20.2,"11,398.60","9,564.30",101.7,"342,180.30",355,9.2,-2.8,0.9,0,16,"888,848.40",1370.1,1.4,3.8,4.1,37.1,139.7,2.5,2.6,0.1,0.1,431.5,2.3,19.8,2.4,2.2,99.4,-2.3,100.6,-2.2,297.1,6.4,1.5,5.8,34.7,0,-0.1,0,22,124.2,23.8,4,3.8,-0.4,-0.6,-0.2,-0.2,-0.7,-0.4,0.9,0.6,-0.6,-0.6
6/30/2008,-1.1,102,109.2,107.6,-29.5,19.8,"11,400.50","9,533.20",101.3,"343,561.60",360.9,9.4,-2.7,1.4,0,16.2,"890,864.50",1390,1.4,3.9,4.2,26.2,137.8,2.4,2.7,0.1,0.1,428,2.3,23,2.4,2.2,99.4,-2.2,100.7,-2.2,297.7,6.4,1.5,5.8,34.7,0,-0.1,0,22,117,23.7,4,3.8,-0.5,-0.6,-0.3,-0.3,-0.4,-0.5,0.9,0.6,-0.7,-0.3
7/31/2008,-1.3,101.7,108.5,107,-29,19.3,"11,355.00","9,504.60",100.9,"344,240.90",368.5,9.7,-2.3,2,0,16.3,"896,417.70",1402.7,1.4,3.9,4.3,20.3,139.2,2.4,2.7,0.1,0,425.1,2.3,27.2,2.4,2.2,99.6,-2.3,100.9,-2.2,304,6.7,1.6,6.4,34.7,0,0,0,22.7,119,24.3,4.1,4,-0.5,-0.6,-0.4,-0.3,-0.4,-0.5,1,0.7,-0.7,-0.3
8/31/2008,-1.3,101.3,108.1,106.6,-29.8,18.4,"11,339.00","9,490.70",100.6,"344,811.50",388.9,10,-2.4,2.1,0,16.4,"899,418.10",1417.5,1.5,3.9,4.3,18.1,141.5,2.3,2.7,0.1,0.1,413.1,2.4,31.1,2.4,2.2,99.7,-2.3,100.9,-2.2,310.7,7.1,1.7,6.9,53,0,0,-0.1,22.1,117.8,23.8,4.1,4.1,-0.5,-0.6,-0.4,-0.2,-0.5,-0.5,0.9,0.7,-0.7,-0.4
9/30/2008,-1.4,101.2,107.5,106,-31.7,17.7,"11,326.00","9,475.30",99.8,"344,159.60",405.7,10.3,-2.8,3.3,0,33,"933,761.60",1433,1.6,3.8,4.2,20.2,147.8,2.2,2.5,0.1,0.1,395.9,2.4,30.3,2.2,2.2,99.9,-3,101,-2.7,326.4,7.6,1.9,7.5,53,0,-0.1,-0.1,24.6,148.3,26.1,4.2,4.4,-0.7,-0.6,-0.6,-0.2,-0.6,-0.4,0.9,0.6,-0.6,-0.5
10/31/2008,-1.7,101.4,107,105.5,-31.4,17.5,"11,326.50","9,468.60",98.1,"342,176.30",429.7,10.8,-4.3,4.3,0,104.9,"1,211,046.50",1602.7,2,3.8,4.1,44.2,168.9,1.9,2.3,0.1,0,356.5,2.4,27.4,1.9,2.2,100.7,-5.2,101.1,-4.8,382.2,9.4,2.5,9.8,53,-0.1,-0.1,-0.2,36,210.1,37.7,4.1,5,-0.7,-0.6,-0.9,-0.3,-0.8,-0.2,1.1,0.8,-0.5,-0.7
11/30/2008,-2,101.1,106.3,104.8,-33.5,16.5,"11,350.10","9,482.90",97.2,"337,210.50",452.8,11.3,-7.6,6,0,239.7,"1,476,230.40",1708,2.4,3.7,4,66.9,184.4,1.5,2,0.1,0,320.9,2.4,22.3,1.5,2,101.4,-6.1,101.2,-6,429.7,11.2,3,11.9,65.1,-0.1,-0.2,-0.3,43,218.7,44,3.8,5.5,-0.9,-0.9,-1.2,-0.4,-0.9,-0.2,1.1,0.9,-0.4,-0.8
12/31/2008,-2.2,101.1,105.1,103.5,-36.9,14.4,"11,351.20","9,491.80",96.1,"331,476.40",481.9,12,-12.2,9.1,0.1,396.4,"1,731,887.90",1801.8,2.4,3.3,3.7,79.6,175.7,1.2,1.6,0.1,0,280.6,2.3,16.1,1.1,1.8,101.8,-6.6,101.3,-6.5,480.7,13.4,3.4,14.1,65.1,-0.2,-0.3,-0.4,45.5,210.1,45.4,3.4,6.1,-1,-1,-1.4,-0.6,-0.9,-0.1,0.9,0.6,-0.4,-0.9
1/31/2009,-2.3,101,103.2,101.5,-39.5,12.8,"11,321.50","9,437.70",94.6,"324,025.10",507.9,12.6,-15.8,10.7,0.1,519,"1,815,890.80",1873.5,2.4,3.1,3.5,101.2,173.5,0.9,1.3,0.1,-0.1,254.8,2.1,9.6,1,1.6,102.1,-6.3,101.4,-6.3,503.7,13.9,3.7,14.8,65.1,-0.2,-0.3,-0.4,45.3,181.7,45.8,3,6.1,-1.2,-1.1,-1.7,-0.9,-1,-0.1,0.9,0.6,-0.3,-0.9
2/28/2009,-2.4,100.6,100.9,99.1,-43.9,11.4,"11,268.40","9,361.00",92.9,"318,932.50",542.4,13.3,-18.2,11.5,0.1,561.1,"1,835,443.80",1866.7,2.2,3,3.4,122.7,177.7,0.8,1.1,0,-0.2,235.9,2,5.3,1,1.4,102.4,-6,101.5,-5.9,508.8,14.1,3.9,15.3,62.7,-0.1,-0.4,-0.4,45.4,157.4,45.6,2.5,6,-1.2,-1,-1.8,-1,-0.9,0,1,0.8,-0.2,-0.8
3/31/2009,-2.4,100,98.1,96,-44.8,10.7,"11,225.90","9,284.90",91.5,"315,851.20",574.4,14,-19.9,12.1,0.1,613.9,"1,879,923.50",1854.2,2.1,2.9,3.3,138.2,180.7,0.6,1,0,-0.3,224.1,1.9,1.3,1.1,1.3,102.9,-5.8,101.6,-5.5,524.9,14.7,4.1,16.4,62.7,-0.1,-0.4,-0.5,45.2,142.8,45.1,2.1,6,-1.1,-0.9,-1.6,-1.1,-0.9,0,1,0.7,-0.2,-0.9
4/30/2009,-2.3,99.5,95.5,93.2,-46.2,10.2,"11,207.10","9,237.60",90.1,"312,988.00",593.3,14.6,-20.4,13.2,0.1,681.3,"1,963,499.30",1847.9,2,2.9,3.3,150.4,186.3,0.5,0.9,0,-0.3,223.3,1.9,-2.8,1.1,1.1,102.9,-5.4,101.6,-4.9,531.3,14.4,4.1,16.5,62.7,-0.1,-0.3,-0.5,43.1,128.5,43.5,1.7,5.6,-1.1,-0.8,-1.3,-1.1,-1,0.2,1.1,0.8,-0.1,-1
5/31/2009,-2.1,99.5,93.3,91,-48.1,11.3,"11,242.20","9,204.60",88.9,"309,138.90",601.1,15.1,-18.8,14,0.1,735,"2,012,039.70",1824.1,1.9,3,3.3,167,201.5,0.5,0.8,0,-0.3,225.2,1.9,-6.6,1.3,1.1,102.8,-4.8,101.5,-4.1,516.2,13.5,3.9,15.9,53.5,-0.1,-0.2,-0.6,40.1,111.3,41,1.5,5.2,-1,-0.4,-1,-0.9,-1,0.2,1.2,1,0,-0.9
6/30/2009,-1.9,99.2,91.4,89.2,-47.1,12.7,"11,217.70","9,167.70",87.8,"307,008.30",601.3,15.5,-15.6,15.2,0.2,746.8,"2,024,497.30",1818.9,1.9,3.2,3.4,177.7,216.7,0.4,0.9,0,-0.3,232.4,1.9,-9.3,1.5,1,102.6,-4.2,101.5,-3.5,475.4,12.3,3.6,14.8,53.5,0,-0.1,-0.5,36.8,93.5,38.1,1.2,4.8,-0.7,-0.2,-0.8,-0.9,-1,0.2,1.2,1.1,0,-1
7/31/2009,-1.7,98.8,90.7,88.4,-46.2,13.3,"11,187.30","9,125.10",86.9,"306,156.50",591.5,15.8,-11.9,15.7,0.2,751.6,"2,023,978.50",1838.9,1.8,3.3,3.4,187.6,228.1,0.4,0.8,0.1,-0.3,241.3,1.8,-11.2,1.5,0.9,102.4,-3.6,101.4,-3,439.6,11.4,3.3,13.7,53.5,0,-0.1,-0.5,33.6,77.2,35.4,1,4.5,-0.5,0,-0.6,-0.7,-1,0,1.1,1,-0.2,-1
8/31/2009,-1.5,98.8,90.3,88,-43.2,14.4,"11,162.90","9,093.10",86.6,"305,526.10",583,16,-8.7,16.3,0.2,765.3,"2,028,092.60",1831.8,1.8,3.4,3.4,190.4,233.6,0.3,0.9,0.2,-0.3,259,1.7,-12.9,1.6,0.8,102,-3.1,101.3,-2.6,400.1,10.5,3,12.6,40.1,0,0,-0.4,31.3,63.1,33.4,0.8,4.2,-0.6,0,-0.6,-0.6,-0.7,0,0.9,0.7,-0.2,-0.7
9/30/2009,-1.3,98.5,90,87.7,-39.6,15.4,"11,140.00","9,066.50",86.6,"307,716.30",574.6,16.2,-5.7,15.6,0.2,800.4,"2,061,341.20",1822.9,1.7,3.4,3.3,195.5,236.8,0.3,0.9,0.2,-0.3,270,1.6,-11.8,1.7,0.8,101.7,-2.5,101.2,-2.2,369.3,9.8,2.7,11.5,40.1,0.1,0.1,-0.3,29.5,51.8,31.5,0.7,4,-0.5,0.1,-0.4,-0.5,-0.7,-0.2,0.9,0.8,-0.3,-0.6
10/31/2009,-1.2,98.5,89.8,87.4,-36.5,16.4,"11,117.30","9,043.70",86.9,"307,322.00",559.6,16.5,-3.4,15.1,0.2,863.5,"2,093,458.70",1815.2,1.6,3.4,3.3,194.3,238.9,0.3,0.9,0.2,-0.3,281.2,1.6,-11.6,1.7,0.8,101.4,-2.1,101.1,-1.8,347.6,9.1,2.5,10.4,40.1,0.1,0.2,-0.1,27.9,43.9,30.1,0.6,3.9,-0.3,0.3,-0.2,-0.4,-0.6,-0.1,1,0.9,-0.3,-0.6
11/30/2009,-1.1,98.5,90.3,88,-35,16.6,"11,109.30","9,031.30",87.1,"307,828.30",545.3,16.7,-1.5,14,0.1,932.6,"2,118,331.60",1800.4,1.5,3.4,3.3,196.2,244.7,0.3,0.8,0.2,-0.2,291.4,1.6,-11.4,1.9,0.9,101.1,-1.8,101,-1.5,333.6,8.6,2.3,9.6,23.3,0.1,0.2,0,26.8,39.1,29.3,0.5,3.8,-0.2,0.5,0,-0.2,-0.6,0,1,1,-0.2,-0.6
12/31/2009,-1,98.5,90.6,88.3,-27.8,16.7,"11,114.70","9,024.60",87.3,"309,616.20",528.9,16.8,-0.2,11.6,0.1,980.9,"2,153,438.60",1801.3,1.4,3.5,3.3,197.5,253.5,0.3,0.8,0.2,-0.2,305.6,1.6,-10.7,2,1,101,-1.4,101,-1.3,317.1,8,2.1,8.9,23.3,0.1,0.2,0.1,25.1,33.8,28.1,0.5,3.8,-0.2,0.5,0.1,0,-0.7,-0.2,1.1,1.1,-0.3,-0.7
1/31/2010,-0.9,98.8,90.8,88.6,-18.8,16.5,"11,116.60","9,020.10",87.6,"311,166.10",511,16.7,0.3,9.9,0.1,1007.4,"2,182,709.40",1828,1.3,3.5,3.3,200.9,260.8,0.3,0.8,0.3,0,317.4,1.7,-9.5,2.1,1.2,100.8,-1.1,100.9,-1.1,300.8,7.5,2,8.3,23.3,0.1,0.2,0.1,24,29.7,27,0.4,3.7,-0.3,0.5,0.1,0.2,-0.7,-0.1,1,1.1,-0.2,-0.7
2/28/2010,-0.9,98.7,91.1,88.7,-6.2,16.1,"11,120.10","9,016.10",88.1,"312,996.70",503.6,16.8,0.6,9.5,0.1,1058.6,"2,207,188.10",1842.8,1.3,3.6,3.2,204.9,267,0.3,0.7,0.3,0.2,319.6,1.7,-7,2.1,1.3,100.8,-0.9,100.8,-1,291.9,7.3,1.9,7.9,6.9,0,0.1,0.2,23.6,25.7,26.9,0.4,3.8,-0.4,0.5,0,0.4,-0.8,-0.1,1,1.1,-0.2,-0.8
3/31/2010,-0.8,98.8,91.6,89.2,-3.3,16.3,"11,131.10","9,013.40",88.5,"314,227.90",496.7,16.9,0.8,9.2,0.1,1083.8,"2,238,702.70",1856.4,1.3,3.6,3.2,207.6,270.2,0.3,0.7,0.4,0.2,330.2,1.6,-5.4,2.2,1.4,100.7,-0.6,100.7,-0.8,280.7,6.9,1.8,7.4,6.9,0,0.1,0.3,21.8,21.2,25.2,0.4,3.9,-0.2,0.3,0,0.4,-0.8,-0.2,1,1,-0.3,-0.8
4/30/2010,-0.6,99.1,91.9,89.4,5,16,"11,162.70","9,026.40",89,"317,020.80",487.2,17,1.1,8.1,0.1,1082.5,"2,264,440.80",1886.4,1.3,3.7,3.2,210.8,272.4,0.3,0.7,0.4,0.3,342.8,1.4,-6.6,2.2,1.5,100.6,-0.4,100.6,-0.7,269.6,6.4,1.8,6.9,6.9,0,0.1,0.3,20.6,19.4,24.8,0.4,3.9,-0.1,0.3,0,0.3,-0.8,-0.3,0.9,1,-0.4,-0.8
5/31/2010,-0.6,99.1,92.6,90.2,16.1,16.8,"11,202.20","9,051.40",89.4,"319,857.70",479.1,16.9,1.6,7.4,0.1,1080,"2,285,081.60",1934.1,1.3,3.6,3,214.4,268.3,0.3,0.7,0.3,0.4,337.4,1.3,-7.8,2.2,1.5,100.6,-0.7,100.5,-0.8,268.7,6.4,1.8,7,3,0,0.1,0.3,23.8,22.2,28.8,0.4,4.1,-0.2,0.2,-0.2,0.3,-0.8,-0.3,0.9,1,-0.4,-0.9
6/30/2010,-0.5,99.2,93.2,90.9,13.8,18.3,"11,236.30","9,098.90",90.1,"320,757.50",474,16.8,1.8,6.6,0,1074.8,"2,302,966.40",1987.7,1.2,3.5,2.9,213,262.1,0.3,0.7,0.3,0.4,326.2,1.2,-7.1,2.1,1.6,100.7,-0.9,100.4,-0.9,279.3,6.6,2,7.2,3,0,0,0.2,25.5,29.6,29.8,0.4,4.3,-0.3,0.2,-0.2,0.3,-0.8,-0.3,1,1.1,-0.3,-0.8
7/31/2010,-0.5,99.3,94.2,91.8,7.4,17.6,"11,259.70","9,126.80",90.7,"320,754.50",468,16.7,1.5,5.7,0,1067.6,"2,311,297.40",1993.8,1.2,3.3,2.8,206.2,255,0.3,0.6,0.3,0.4,321,1.1,-8.2,2,1.6,100.7,-1,100.4,-1,285.8,6.6,2,7.1,3,0,0,0.2,25.5,32.6,29.5,0.4,4.6,-0.4,0.2,-0.1,0.4,-0.6,-0.2,0.9,1,-0.3,-0.6
8/31/2010,-0.5,99.3,94.9,92.7,3,16.6,"11,285.80","9,148.80",91.2,"321,489.80",470.1,16.6,0.9,5.6,0,1061.6,"2,312,718.30",1983.6,1.1,3.1,2.7,195.3,243.4,0.2,0.5,0.2,0.4,323.9,1,-9.1,1.9,1.5,100.7,-0.9,100.3,-1.1,289.5,6.6,2,6.9,-4.6,0,0,0.1,25.3,30.5,29.1,0.4,4.8,-0.2,0.1,-0.2,0.4,-0.5,-0.3,0.8,0.9,-0.4,-0.5
9/30/2010,-0.6,99.2,95.2,93.1,2.8,15.6,"11,301.70","9,163.40",91.6,"322,311.30",466.6,16.7,0.5,5.8,0,1046.6,"2,309,049.70",1979.7,1,3,2.6,185.5,235.3,0.2,0.4,0.2,0.4,331,1,-8.4,1.9,1.5,100.6,-0.9,100.3,-1.1,293.2,6.5,2,6.6,-4.6,0,0,0.1,24.5,28,27.8,0.4,4.9,-0.2,0.2,-0.1,0.2,-0.5,-0.4,0.8,0.9,-0.6,-0.4
10/31/2010,-0.5,99.2,95.7,93.6,2.4,14.8,"11,322.00","9,198.40",92,"323,889.50",461,16.7,0.2,5.9,0,1033.5,"2,307,699.60",1945,0.8,2.9,2.5,175.1,229.4,0.2,0.4,0.2,0.3,342.8,0.9,-8.2,1.9,1.4,100.4,-0.8,100.3,-1,300.5,6.4,1.9,6.3,-4.6,0,0,0.1,23.3,25.7,26.4,0.5,4.9,-0.1,0.3,0,0,-0.6,-0.4,1,1,-0.5,-0.6
11/30/2010,-0.4,99.2,96.2,94.2,2.2,14.9,"11,342.30","9,228.90",92.2,"326,589.30",453.2,16.7,0,6.6,0.1,1024,"2,311,195.00",1930.4,0.7,2.8,2.5,170.5,229.6,0.2,0.3,0.1,0.3,350.2,0.8,-7.8,2,1.3,100.3,-0.7,100.4,-1,305.5,6.2,1.9,6.2,-8.4,0,0,0.1,22.4,23.8,26,0.5,4.9,0,0.4,0,0,-0.7,-0.3,1.1,1.1,-0.4,-0.7
12/31/2010,-0.4,99.2,96.7,94.8,-0.5,15.2,"11,362.40","9,257.00",92.4,"330,077.00",442.6,16.7,0,7.2,0.1,1027.8,"2,340,096.00",1938,0.7,3,2.6,179.7,241.3,0.2,0.3,0.1,0.3,361.5,0.8,-7.9,2.1,1.3,100.2,-0.7,100.4,-1,298.3,6,2,6.1,-8.4,0,0.1,0.1,21,23.5,24.7,0.5,4.9,0.1,0.4,0.1,-0.1,-0.8,-0.3,1,1,-0.4,-0.8
1/31/2011,-0.3,99.2,97.3,95.4,-2.4,15.4,"11,401.30","9,305.50",92.7,"333,105.00",437.4,16.5,0.3,8,0.1,1039.5,"2,369,316.40",1944.9,0.8,3.1,2.8,183.6,251.3,0.2,0.3,0.1,0.3,372.9,0.8,-6.2,2.1,1.2,100.1,-0.6,100.4,-1,291.3,5.7,2,5.9,-8.4,0,0.1,0.1,20,22.8,24,0.6,4.8,0.3,0.4,0.3,-0.1,-0.6,-0.1,0.9,0.9,-0.3,-0.6
2/28/2011,-0.2,99.1,98,96,-1,15.6,"11,432.60","9,340.80",92.9,"335,651.60",430.6,16.4,0.6,8.6,0.1,1091.5,"2,407,847.10",1951.7,0.8,3.2,2.9,182.3,259.1,0.2,0.4,0.1,0.2,385.5,0.9,-4.6,2.2,1.2,100,-0.5,100.4,-0.8,282.8,5.4,1.9,5.6,-9.6,0,0.1,0.1,19.4,23.1,23.3,0.6,4.6,0.3,0.4,0.3,0,-0.6,-0.2,1,1,-0.3,-0.6
3/31/2011,-0.2,99.3,98.3,96.5,-4.8,15.7,"11,461.50","9,367.70",93,"338,788.30",422.8,16.3,0.8,9.2,0.1,1177.9,"2,469,568.90",1948.3,0.8,3.3,3,174.6,263,0.2,0.4,0.1,0.3,392,0.9,-2.2,2.3,1.2,99.9,-0.5,100.5,-0.8,276.9,5.2,1.9,5.4,-9.6,0,0.1,0.1,19.7,23.7,23.8,0.6,4.6,0.4,0.3,0.3,-0.1,-0.7,-0.2,1,1,-0.4,-0.6
4/30/2011,-0.3,99,98.8,97.2,-5.1,16.1,"11,468.60","9,379.30",93.3,"341,428.20",418.4,16.2,0.7,9.9,0.1,1266.1,"2,527,645.80",1927.1,0.7,3.3,3.1,168.5,265.4,0.2,0.4,0.1,0.2,397.3,1,-0.4,2.4,1.2,99.7,-0.4,100.5,-0.7,272.1,5,1.8,5.3,-9.6,0,0.1,0.1,18.8,23.9,22.8,0.7,4.6,0.4,0.3,0.3,-0.1,-0.7,-0.2,1,1,-0.4,-0.7
5/31/2011,-0.3,99.2,99.3,97.7,-9.2,16.1,"11,475.10","9,389.00",93.4,"343,499.30",421.9,16.1,0.5,11,0.1,1346.9,"2,591,006.10",1919.2,0.7,3.3,3.1,159.1,264.3,0.2,0.4,0.1,0.2,393.8,1.1,0.4,2.4,1.3,99.6,-0.3,100.6,-0.7,269.4,4.9,1.8,5.2,-15.5,0,0.1,0.1,18.2,23.8,22.6,0.8,4.7,0.3,0.3,0,0,-0.6,-0.2,1,1.1,-0.3,-0.7
6/30/2011,-0.3,98.7,99.4,98.1,-7.6,16,"11,463.00","9,381.50",93.5,"344,332.90",420.9,16.1,0.3,11.7,0.1,1426.4,"2,673,602.40",1920,0.6,3.2,3.1,154.5,262.6,0.2,0.3,0.1,0.1,390.9,1.2,2.4,2.3,1.3,99.6,-0.3,100.7,-0.7,271.6,5.1,1.8,5.3,-15.5,0,0.1,0.2,18.5,23.9,23,0.9,4.9,0,0.2,-0.1,-0.1,-0.5,-0.3,1,1.2,-0.4,-0.7
7/31/2011,-0.4,98.7,99.7,98.5,-1.6,15.2,"11,461.90","9,384.80",93.7,"345,156.90",418.8,16.1,-0.1,12.8,0.1,1491.7,"2,729,486.70",1936.7,0.5,3.1,3,151,261.3,0.2,0.3,0,0.1,393.6,1.3,2.7,2.3,1.4,99.6,-0.3,100.7,-0.9,273.5,5.1,1.9,5.5,-15.5,0,0.1,0.2,18.8,24.4,23.6,0.9,5,0,0.2,-0.1,-0.2,-0.6,-0.4,1,1.2,-0.5,-0.8
8/31/2011,-0.5,98.7,99.5,98.4,2.9,15.1,"11,442.80","9,375.80",93.9,"346,406.70",416.1,16.1,-0.6,15.2,0.1,1529.4,"2,774,536.90",1971.2,0.4,2.9,2.8,151.2,244.2,0.1,0.2,0,0.1,386.5,1.5,4.6,2.3,1.5,99.7,-0.7,100.9,-1.8,284.3,5.7,2.1,6.3,-15.5,0,0,0.2,23.8,26.8,28.9,0.9,5.5,0,0.1,-0.3,-0.2,-0.6,-0.4,1,1.2,-0.5,-0.8
9/30/2011,-0.6,98.7,99.6,98.5,1.4,15.1,"11,423.00","9,366.30",94.3,"347,098.50",416.1,16.2,-1.4,16.5,0.1,1549.5,"2,798,075.00",2036.1,0.2,2.6,2.5,147.1,224,0.1,0.2,0,0.1,374.3,1.6,7.1,2.2,1.6,99.8,-1.1,101,-2.7,297.9,6.2,2.5,7.2,-15.5,0,0,0.1,27.5,30.4,33.8,1,5.9,-0.2,0,-0.4,-0.3,-0.6,-0.4,1.1,1.3,-0.5,-0.8
10/31/2011,-0.7,98.6,99.8,98.7,3.7,14.8,"11,410.90","9,358.70",94.5,"349,020.60",412.9,16.1,-2.3,17.4,0.1,1562.5,"2,814,002.60",2115,0.2,2.5,2.4,146.6,213.4,0.1,0.2,0,0,358.1,1.7,8.7,2.1,1.7,99.9,-1.3,101.1,-3.1,305.3,6.5,2.7,7.7,-15.5,-0.1,-0.1,0.1,28.9,33.8,35.3,1,6.1,-0.2,0.1,-0.5,-0.3,-0.7,-0.4,1.1,1.3,-0.5,-0.9
11/30/2011,-0.7,98.6,99.6,98.5,6.1,15.4,"11,407.50","9,359.60",94.9,"350,969.00",407,15.9,-3.1,18,0.1,1558.6,"2,817,897.00",2188.6,0.1,2.3,2.2,149.2,202,0.1,0.2,0.1,0,344.8,1.8,8.4,2.1,1.7,99.9,-1.5,101.2,-3.6,307.9,6.7,2.9,7.9,-9.8,0,-0.1,0,29.7,38.2,36.8,0.9,6.3,-0.2,0,-0.5,-0.3,-0.8,-0.4,1.1,1.3,-0.5,-1
12/31/2011,-0.7,98.4,99.4,98.4,13.1,16.4,"11,416.40","9,369.90",95.1,"352,831.60",397.9,15.7,-3.5,17.9,0.1,1556.9,"2,839,707.50",2324.3,0,2.2,2.2,156.6,193,0.1,0.2,0.1,0,334.3,1.9,6.3,2.1,1.7,100,-1.5,101.2,-3.9,314.1,6.8,3,8.1,-9.8,0,-0.1,0,28.4,43.1,35.7,0.8,6.4,-0.6,0.1,-0.5,-0.3,-0.9,-0.3,1,1.3,-0.4,-1
1/31/2012,-0.6,98.2,99.3,98.3,17.6,17.7,"11,444.80","9,402.80",95.4,"354,301.10",394,15.5,-3.5,18.2,0.1,1561,"2,860,883.90",2427.6,-0.1,2.1,2.1,160,186.3,0.1,0.1,0.1,-0.1,333.2,2,4.7,2.1,1.8,99.9,-1.4,101.1,-3.9,318.6,6.8,3,8.1,-9.8,0,-0.1,-0.1,26.1,45.3,33.3,0.7,6.3,-0.5,0.2,-0.4,-0.3,-0.9,-0.2,1,1.3,-0.2,-1
2/29/2012,-0.5,98.1,99.1,98.1,16.8,19.8,"11,458.10","9,418.50",95.8,"355,581.40",386.5,15.4,-3.5,18.2,0.1,1575.5,"2,884,482.60",2496.2,-0.2,2.1,2,162,181.3,0.1,0.2,0.1,-0.1,335.5,2.1,3.4,2.1,1.9,99.8,-1.2,101,-3.5,318.2,6.6,2.9,7.8,-5.3,0,-0.1,-0.1,24,45,30.9,0.6,6.2,-0.3,0.4,-0.2,-0.4,-0.9,-0.2,0.9,1.2,-0.2,-1
3/31/2012,-0.4,97.9,98.7,97.8,22.3,22.2,"11,478.00","9,440.20",96.2,"358,095.80",379.8,15.2,-3.2,18.1,0.1,1571,"2,885,242.50",2664.6,-0.3,2.1,2,163,181.8,0.1,0.2,0.1,-0.1,335.1,2.1,2.7,2.2,1.9,99.7,-1.1,100.9,-3.1,314.6,6.3,2.7,7.3,-5.3,0,0,-0.1,21.7,45.5,28.4,0.5,6,-0.2,0.5,0,-0.3,-0.9,-0.2,0.9,1.2,-0.2,-1
4/30/2012,-0.4,98,98.6,97.4,20.5,23.8,"11,484.30","9,447.60",96.3,"360,860.20",378.7,15,-2.8,18.1,0.1,1562.1,"2,880,605.20",2750.4,-0.3,2.1,1.9,161.9,179.5,0.1,0.2,0.1,-0.1,331.1,2.2,2.7,2.2,2,99.7,-1,100.9,-2.8,315.5,6.2,2.6,7.2,-5.3,0,0,-0.1,20.6,45.1,28.1,0.5,5.9,-0.2,0.6,0,-0.3,-0.9,-0.1,0.9,1.3,-0.1,-1
5/31/2012,-0.4,97.6,98.5,97.5,24.9,23.9,"11,501.60","9,463.00",96.6,"361,803.80",377.4,15,-2.2,17.6,0.1,1547.9,"2,872,082.10",2813.4,-0.4,2,1.7,155.1,170.5,0.1,0.2,0.1,-0.2,323.8,2.2,2.2,2.2,2,99.7,-0.9,100.9,-2.6,319.9,6.2,2.6,7.2,-7.9,0,0,-0.1,20.8,43.9,29.1,0.4,6,-0.3,0.6,-0.1,-0.3,-0.9,-0.2,1,1.3,-0.2,-1
6/30/2012,-0.4,97.5,98.2,97,25.3,25.1,"11,532.70","9,493.30",96.8,"361,493.90",378,14.9,-1.9,17.2,0.1,1536.9,"2,869,872.90",2892.1,-0.5,1.9,1.7,149.7,159.7,0.2,0.2,0.1,-0.1,314.6,2.2,0.1,2.2,1.9,99.8,-0.9,100.9,-2.4,325.8,6.3,2.6,7.3,-7.9,0,0,-0.1,20.8,42.9,29.3,0.4,6.1,-0.4,0.5,-0.2,-0.3,-0.8,-0.2,1,1.4,-0.1,-0.9
7/31/2012,-0.5,97.5,98.2,97,25,26.2,"11,563.40","9,519.30",97,"360,427.90",376.7,14.8,-2.2,16.9,0.1,1536.1,"2,866,513.50",2948.1,-0.6,1.8,1.6,144.9,149.6,0.1,0.2,0.1,-0.1,308,2.2,-2.1,2.1,1.9,99.8,-0.8,100.8,-2.2,329.3,6.2,2.5,7.2,-7.9,0,0,-0.1,19.9,39.8,28,0.3,6.2,-0.4,0.3,-0.2,-0.3,-0.7,-0.1,1.1,1.4,0,-0.8
8/31/2012,-0.5,97.5,98,96.8,23.3,28.7,"11,566.80","9,521.20",97.2,"360,264.80",375.4,14.8,-2.9,15.2,0.1,1535.2,"2,855,467.60",2994.6,-0.6,1.7,1.5,144.9,146.9,0.1,0.2,0.1,-0.1,301.7,2.2,-5.4,2.2,1.9,99.7,-0.7,100.7,-1.9,327.9,6.1,2.4,6.9,-9.4,0,0,0,18.6,36.2,26.8,0.3,6.1,-0.4,0.2,-0.2,-0.4,-0.6,-0.3,1,1.3,-0.3,-0.8
9/30/2012,-0.5,97.4,97.9,96.8,24.9,31.1,"11,570.10","9,522.60",97.2,"360,959.40",377.5,14.8,-3.2,14.4,0.1,1516.2,"2,844,674.20",3015.1,-0.7,1.7,1.5,146.4,146.4,0.1,0.2,0,-0.1,305.2,2.1,-6.1,2.3,1.8,99.7,-0.6,100.6,-1.4,324.1,5.9,2.2,6.6,-9.4,0,0,0,17.7,32.5,25.6,0.2,6,-0.3,0.2,-0.2,-0.4,-0.7,-0.6,0.9,1.3,-0.6,-0.8
10/31/2012,-0.4,97.1,98,97,26.4,33.6,"11,559.40","9,510.60",97.2,"363,195.90",375.7,14.7,-3.2,14.1,0.1,1504.9,"2,838,733.80",3025.5,-0.8,1.7,1.5,146.1,146,0.1,0.2,0,-0.1,305.2,2.1,-4.7,2.3,1.8,99.6,-0.4,100.6,-1,313,5.7,2.1,6.3,-9.4,0,0,0,17.4,28.4,24.5,0.2,5.9,-0.3,0.1,-0.2,-0.3,-0.8,-0.7,1,1.3,-0.7,-0.9
11/30/2012,-0.4,96.8,97.6,96.6,33.2,35.7,"11,583.30","9,530.10",97.3,"364,443.60",381.7,14.6,-3.2,13.4,0.1,1502.8,"2,844,243.60",3029.6,-0.8,1.7,1.5,144.3,143.6,0.1,0.2,0.1,-0.1,302.7,2.1,-5.6,2.4,1.8,99.6,-0.3,100.5,-0.7,305.4,5.7,1.9,6,-9.4,0,0,0.1,17.1,25.5,23.1,0.2,5.9,-0.3,0.3,-0.1,-0.1,-0.9,-0.6,1,1.4,-0.6,-1
12/31/2012,-0.4,96.4,97.1,96,28.6,38.4,"11,700.70","9,642.10",97.5,"365,356.60",376.4,14.5,-3.2,13.5,0.1,1507,"2,860,794.40",3027.1,-0.9,1.7,1.4,142.8,144.2,0.1,0.1,0.1,-0.1,305.1,2,-7.8,2.4,1.8,99.6,-0.2,100.5,-0.4,301.7,5.5,1.8,5.7,-9.4,0,0,0.1,17.2,24.7,21.7,0.1,5.9,-0.2,0.5,0.2,0,-0.9,-0.4,1,1.4,-0.5,-1
1/31/2013,-0.4,96.3,96.5,95.4,32,40.8,"11,658.20","9,592.50",97.7,"366,716.10",371.5,14.5,-3.1,13.2,0.1,1528.6,"2,898,173.10",3003.5,-0.9,1.8,1.5,142.2,149.8,0.1,0.1,0.1,-0.2,306.8,2,-9.2,2.4,1.8,99.5,0,100.4,-0.1,295.5,5.3,1.7,5.3,-9.4,0,0,0.1,16.2,23.3,20.1,0.1,5.7,-0.1,0.6,0.3,0,-0.8,-0.4,0.9,1.3,-0.4,-0.9
2/28/2013,-0.3,96.2,96.3,95.2,29.4,42.6,"11,648.90","9,579.70",97.8,"367,916.40",366.7,14.5,-2.7,12.9,0.1,1571.9,"2,947,261.80",2934.3,-0.9,1.8,1.5,142.3,155.4,0.1,0.1,0.1,-0.1,308.5,2,-10.5,2.5,1.7,99.5,0.1,100.4,0,293.6,5.2,1.7,5.1,-6.3,0,0.1,0.1,15.6,21,20,0.1,5.6,-0.1,0.6,0.3,0,-0.9,-0.4,0.9,1.3,-0.4,-0.9
3/31/2013,-0.3,96.1,96,94.9,31.5,43.6,"11,657.00","9,582.40",98.1,"370,321.40",360.2,14.3,-2.3,12.4,0.1,1625.7,"3,011,603.40",2839.3,-0.9,1.8,1.5,140.8,159.2,0.1,0.2,0,-0.2,303.7,2,-10.3,2.5,1.7,99.5,0.2,100.4,0,293,5,1.6,5,-6.3,0,0.1,0.1,14.9,19,19.9,0.1,5.5,0,0.4,0.1,0,-0.9,-0.3,0.8,1.3,-0.4,-0.9
4/30/2013,-0.4,96.1,95.8,94.6,35.4,43.7,"11,680.90","9,604.50",98.4,"371,010.40",359,14.2,-1.9,12.3,0.1,1684.9,"3,084,367.10",2778.9,-0.9,1.8,1.4,135.7,156.4,0.1,0.1,0,-0.1,295.9,1.9,-12.7,2.5,1.6,99.4,0.2,100.4,0.1,291.3,4.9,1.6,4.8,-6.3,0,0.1,0.1,14.7,18.5,20,0.1,5.4,0,0.4,0,-0.1,-0.9,-0.3,0.8,1.4,-0.3,-0.9
5/31/2013,-0.3,95.9,96,94.6,28.4,42.9,"11,717.40","9,635.00",98.5,"371,628.30",354.3,14.1,-1.7,12.2,0.1,1755.2,"3,178,149.30",2710.3,-0.8,1.9,1.4,135.6,160.2,0.1,0.2,0,-0.1,289.1,1.9,-14.8,2.4,1.6,99.4,0.3,100.3,0.2,287.3,4.7,1.5,4.6,-10.9,0,0.1,0.1,14.3,17.8,19.3,0.1,5.2,0.2,0.4,0,-0.1,-0.9,-0.3,0.8,1.4,-0.4,-1
6/30/2013,-0.3,96.1,96.2,94.8,29.3,43.2,"12,127.10","9,989.50",98.7,"372,654.20",351.8,14.1,-1.5,11.9,0.1,1828.1,"3,253,298.10",2654.7,-0.6,2,1.5,138,170.4,0.1,0.2,0,-0.1,282.7,1.8,-17,2.3,1.5,99.5,0.2,100.4,0.2,287.6,4.7,1.5,4.6,-10.9,0,0.1,0.1,15.1,17.4,20,0.1,5.1,0.2,0.5,0,0,-0.8,-0.3,1.1,1.6,-0.4,-0.8
7/31/2013,-0.2,96,96.3,95,24,45.5,"12,419.20","10,242.00",98.8,"374,051.00",350.4,14,-1.3,11.3,0.1,1904.2,"3,351,038.50",2583.6,-0.3,2.2,1.5,141.6,186.3,0.1,0.2,0,-0.1,275.9,1.8,-16.3,2.2,1.5,99.5,0.2,100.4,0.1,284.1,4.7,1.5,4.6,-10.9,0,0.1,0.1,14.8,17.9,19.8,0.1,4.9,0.4,0.6,-0.1,0,-0.7,-0.3,1.1,1.6,-0.4,-0.8
8/31/2013,-0.1,96.1,96.5,95.2,22.5,48.5,"12,644.50","10,435.60",98.9,"375,365.60",345.6,13.9,-1.3,10.5,0.1,1988.4,"3,430,787.90",2511,-0.1,2.3,1.6,146.8,201.8,0.1,0.2,0.1,0,274,1.7,-15.7,2.2,1.5,99.6,0.2,100.5,0.2,279.6,4.6,1.4,4.5,-10.9,0,0.1,0.1,14.6,17.7,19.5,0.1,4.8,0.5,0.7,0,0,-0.7,-0.4,0.9,1.5,-0.5,-0.8
9/30/2013,-0.1,96.2,96.3,95.1,22.3,51.2,"12,823.10","10,590.10",99,"376,886.00",337.9,13.8,-1.3,9.9,0.1,2072,"3,506,068.20",2464.6,0,2.5,1.7,153.3,212.6,0.1,0.2,0.1,0,270.9,1.8,-15.1,2.2,1.5,99.6,0.2,100.5,0.2,275.8,4.6,1.4,4.4,-10.9,0,0.1,0.1,14.7,18.1,19.3,0.1,4.6,0.3,0.7,0.2,0.2,-0.7,-0.6,0.9,1.5,-0.6,-0.7
10/31/2013,-0.1,96.3,96.4,95.3,16,52.8,"12,957.80","10,704.60",99.3,"377,641.40",340.4,13.7,-1.4,9.5,0.1,2158.6,"3,607,949.90",2427.4,0.1,2.5,1.7,156.3,217,0.1,0.2,0.1,0,269.6,1.7,-15.6,2.2,1.5,99.6,0.3,100.4,0.3,274.4,4.5,1.4,4.3,-10.9,0,0,0.1,14.8,17.2,18.8,0.1,4.6,0.3,0.7,0.3,0,-0.7,-0.6,0.9,1.4,-0.6,-0.8
11/30/2013,-0.1,96.3,96.4,95.4,11.8,53.2,"13,059.00","10,794.60",99.5,"378,824.40",339.5,13.6,-1.4,9.1,0.1,2245.6,"3,690,823.70",2383.8,0.2,2.6,1.7,157.4,224,0.1,0.2,0.1,0.1,266.4,1.7,-16.1,2.2,1.5,99.5,0.4,100.4,0.4,272.2,4.4,1.3,4.2,-8.1,0,0,0.1,14.3,15.9,17.9,0.1,4.5,0.3,0.8,0.4,0.1,-0.8,-0.6,1,1.5,-0.6,-0.9
12/31/2013,0,96.5,96.3,95.3,17.6,53.4,"13,122.40","10,850.80",99.7,"380,596.60",339.2,13.4,-1.4,8.8,0.1,2314,"3,777,101.30",2355.6,0.3,2.7,1.8,159.4,233.2,0.1,0.2,0,0.1,265.5,1.7,-17.4,2.2,1.6,99.5,0.5,100.4,0.5,265,4.3,1.3,4,-8.1,0,0.1,0.1,14.3,15.1,17.7,0.1,4.4,0.2,0.8,0.4,0.1,-0.8,-0.5,1,1.4,-0.5,-0.9
1/31/2014,0,96.4,96.6,95.7,13.3,54.4,"13,173.80","10,890.60",99.9,"381,657.00",335.6,13.2,-1.4,8.9,0.1,2366.7,"3,876,423.00",2311.1,0.3,2.7,1.8,160.1,237.2,0.1,0.2,0.1,0.2,264.9,1.7,-17.9,2.2,1.6,99.5,0.5,100.4,0.5,256.2,4.1,1.3,3.8,-8.1,0,0.1,0.1,14.3,15.2,17.9,0.1,4.3,0,0.5,0.3,0.2,-0.8,-0.5,1,1.5,-0.5,-0.8
2/28/2014,-0.1,96.5,96.8,96,9.5,54.9,"13,218.50","10,923.10",99.9,"381,509.90",335.2,13,-1.5,9.3,0.1,2431.6,"3,950,148.70",2275.7,0.3,2.7,1.7,158.7,237.4,0.1,0.2,0.1,0.2,263.2,1.7,-16.9,2.2,1.6,99.4,0.5,100.4,0.5,251.9,4.1,1.2,3.6,-9.6,0,0.1,0.1,14.6,15.1,18,0.1,4.3,0,0.6,0.4,0.1,-0.7,-0.4,1,1.6,-0.4,-0.7
3/31/2014,0,96.6,96.8,96.1,6.3,52.3,"13,269.30","10,963.10",100.2,"381,262.80",331.8,12.9,-1.7,9.8,0.1,2486.3,"4,021,770.00",2244,0.3,2.7,1.7,154.2,236,0.1,0.2,0.1,0.2,260.6,1.7,-15.9,2.2,1.5,99.4,0.6,100.4,0.5,247.2,4,1.2,3.4,-9.6,0,0.1,0.1,14.6,15.1,18.3,0.2,4.3,0,0.7,0.5,0,-0.6,-0.5,1,1.7,-0.5,-0.6
4/30/2014,0,96.7,97,96.6,3.3,50.5,"13,307.40","10,995.60",100.6,"382,781.10",328.2,12.8,-1.9,10,0.1,2536,"4,107,833.10",2222.2,0.3,2.7,1.6,148.8,233.8,0.1,0.2,0.1,0.2,261.6,1.7,-14.9,2.2,1.6,99.3,0.6,100.3,0.5,239.6,3.8,1.2,3.2,-9.6,0,0.1,0.1,14.5,15.2,18.1,0.2,4.3,-0.2,0.6,0.5,0,-0.6,-0.6,1,1.5,-0.6,-0.6
5/31/2014,0,96.9,97.1,96.7,9.5,49.2,"13,340.90","11,024.50",101,"384,323.90",325.2,12.6,-1.7,10.1,0.1,2564.4,"4,168,851.10",2209.7,0.3,2.7,1.6,143.3,228.9,0.1,0.2,0.1,0.2,263.8,1.7,-14.1,2.2,1.6,99.2,0.7,100.2,0.4,234.4,3.7,1.1,3.1,-10,0,0,0.1,13.9,15.1,17.6,0.2,4.3,-0.3,0.6,0.3,0.1,-0.6,-0.7,1,1.4,-0.7,-0.6
6/30/2014,0.1,96.9,97.5,97.3,9.1,48,"13,395.30","11,082.50",101.3,"386,277.10",321.9,12.4,-1.5,10.6,0.1,2594.1,"4,221,226.50",2182.3,0.3,2.6,1.5,139.6,224.8,0.1,0.2,0.1,0.1,265.8,1.8,-12.5,2.2,1.6,99.1,0.8,100.1,0.5,230.7,3.6,1.1,3,-10,0,0,0.1,13.2,15.3,16.6,0.2,4.3,-0.6,0.6,0.4,0.2,-0.7,-0.7,1.2,1.4,-0.7,-0.6
7/31/2014,0.1,97,97.6,97.3,9,48.3,"13,443.20","11,128.30",101.7,"388,215.40",317.2,12.3,-1.2,10.9,0.1,2625.5,"4,281,023.30",2147,0.2,2.6,1.4,132.5,218.3,0.1,0.2,0.1,0.1,271.3,1.8,-11.6,2.2,1.7,99,0.8,100.1,0.5,227.5,3.6,1.1,3.1,-10,0,0.1,0.1,13,15.8,16.4,0.1,4.2,-0.6,0.6,0.3,0.1,-0.6,-0.5,1.2,1.3,-0.6,-0.6
8/31/2014,0.2,96.9,97.5,97.1,13.1,49.6,"13,494.80","11,172.70",102,"389,445.50",312,12.2,-1.1,10.6,0.1,2671.6,"4,319,607.50",2107.5,0.2,2.5,1.3,123.6,211.5,0.1,0.3,0,0.1,274.5,1.8,-10.5,2.2,1.7,99,0.8,100,0.5,227.8,3.7,1,3.1,-11.2,0,0.1,0.1,13.1,16.1,16.9,0.1,4.3,-0.6,0.5,0.3,0.1,-0.7,-0.6,1.1,1.2,-0.6,-0.7
9/30/2014,0.2,97.1,97.7,97.4,11.4,51.2,"13,537.40","11,206.40",102.2,"391,498.50",308.2,12.1,-0.9,10.7,0.1,2696.7,"4,353,201.60",2080.2,0.3,2.5,1.2,118.4,207.2,0.1,0.3,0.1,0,274.9,1.8,-10.4,2.2,1.7,99,0.8,100,0.6,227.4,3.7,1,3.2,-11.2,0,0.1,0.1,13.2,16.7,16.8,0.1,4.3,-0.6,0.5,0.3,0.2,-0.7,-0.6,1.2,1.2,-0.7,-0.6
10/31/2014,0.2,97.2,97.3,97,14,53.4,"13,558.90","11,224.00",102.4,"392,390.10",301.5,11.9,-1,10.3,0.1,2699.2,"4,393,470.20",2067.2,0.3,2.5,1.1,110.5,200.5,0.1,0.3,0.1,0,272.1,1.8,-11.7,2.1,1.7,99.1,0.7,99.9,0.5,231.6,3.9,1,3.3,-11.2,0,0,0.1,14.7,17.3,18.5,0,4.4,-0.6,0.4,0.2,0.2,-0.7,-0.9,1.1,1.1,-0.9,-0.7
11/30/2014,0.2,97.3,97.3,97,14.6,53.6,"13,597.90","11,261.20",102.6,"393,377.50",298.5,11.8,-1.4,10.2,0.1,2647.9,"4,420,436.70",2058.6,0.3,2.4,1,103,194.8,0.1,0.3,0.1,0.1,270.9,1.8,-11.5,2,1.7,99.1,0.7,99.9,0.5,236,4,0.9,3.4,-10.2,0,0,0.1,14.3,17.6,18.8,0,4.4,-0.5,0.4,0.3,0.2,-0.8,-0.8,1.2,1.2,-0.8,-0.8
12/31/2014,0.2,97.5,97.3,97,7.9,54.8,"13,646.50","11,300.80",102.9,"395,249.90",295.8,11.6,-2.2,10.2,0.1,2636.1,"4,446,737.50",2068.7,0.4,2.4,0.9,92.4,183.1,0.1,0.4,0.1,0.1,266.2,1.8,-12,1.9,1.6,99.1,0.6,99.9,0.4,241.6,4.3,0.9,3.5,-10.2,0,0,0.1,14.9,18.5,19.8,0,4.5,-0.7,0.4,0.2,0.1,-0.8,-0.9,1,0.9,-0.9,-0.8
1/31/2015,0.3,97.8,97.1,96.9,7.6,55.7,"13,721.70","11,360.50",103.1,"394,698.20",293.5,11.5,-3.1,9.9,0.1,2649.7,"4,463,859.30",2105.2,0.3,2.2,0.8,82.3,168.4,0.1,0.4,0.1,0.1,258.2,1.7,-13.8,1.8,1.6,99.2,0.4,99.8,0.3,247.3,4.5,0.9,3.5,-10.2,0,0,0.1,16.1,19,21.6,0,4.5,-0.7,0.4,0.2,0.1,-0.7,-0.8,0.9,0.8,-0.9,-0.7
2/28/2015,0.3,98.3,97.4,97.2,11.8,56.1,"13,786.20","11,410.30",103,"393,154.70",292.7,11.3,-4,10,0.1,2606.1,"4,472,951.10",2119.9,0.3,2.1,0.6,75.2,160,0.2,0.5,0.1,0.1,252.6,1.7,-16.2,1.8,1.5,99.2,0.4,99.7,0.2,248.7,4.5,0.9,3.5,-5.9,0,0,0.1,16,19.6,21.8,0,4.5,-0.9,0.5,0.2,0.1,-0.7,-0.8,0.8,0.7,-0.9,-0.7
3/31/2015,0.3,98.6,97.5,97.2,6.7,55.8,"13,826.90","11,437.50",102.8,"391,510.00",293.3,11.2,-4.7,9.7,0.1,2625.8,"4,477,268.50",2135.6,0.3,2.1,0.5,67.2,154.1,0.2,0.5,0.1,0,247.9,1.7,-19.1,1.8,1.5,99.3,0.3,99.4,0.2,249.3,4.5,0.9,3.5,-5.9,0,0,0,15.6,20.1,21.1,0,4.5,-0.9,0.6,0.3,0.1,-0.8,-0.8,0.8,0.7,-0.9,-0.7
4/30/2015,0.3,98.7,98.3,98,4.5,54.7,"13,876.60","11,475.70",102.5,"391,358.30",290.7,11.1,-4.7,9.3,0.1,2646.7,"4,478,912.60",2195.8,0.2,2.1,0.4,60,149.8,0.2,0.5,0.1,0,245.6,1.7,-18.6,1.8,1.4,99.3,0.3,99.2,0.1,251.1,4.5,0.9,3.5,-5.9,0,0,0,15,20.4,21.1,0,4.5,-1,0.7,0.4,0.1,-0.7,-0.9,0.8,0.6,-1,-0.7
5/31/2015,0.3,99,98.9,98.7,7.2,55.1,"13,923.00","11,515.80",102.2,"389,689.30",285.5,11.1,-3.9,8.6,0.1,2628.9,"4,478,947.90",2263.2,0.2,2.1,0.5,65.5,152.4,0.2,0.5,0.1,0,246.1,1.7,-19.2,1.8,1.4,99.4,0.3,99.2,0.1,256.3,4.5,0.9,3.5,-4.3,0,0,0,14.6,20.9,21.3,-0.1,4.4,-0.9,0.8,0.5,-0.1,-0.7,-0.8,0.9,0.7,-1,-0.7
6/30/2015,0.3,99.3,99.2,99,7.2,54.8,"13,928.10","11,514.40",101.8,"390,760.90",282.5,10.9,-3.1,8.1,0.1,2607.3,"4,479,301.80",2321.6,0.3,2.2,0.6,76.3,157,0.2,0.6,0,0,241.3,1.7,-18.7,1.9,1.4,99.5,0.3,99.2,0.1,262.2,4.5,1,3.5,-4.3,0,0,0,14.5,21.3,22.8,-0.1,4.3,-0.9,0.6,0.4,-0.2,-0.7,-0.7,1,0.8,-0.9,-0.7
7/31/2015,0.4,99.5,99.5,99.4,14.4,56.3,"13,944.40","11,524.80",101.4,"390,697.00",280.7,10.7,-2.4,7.8,0.1,2602.6,"4,482,438.90",2388.8,0.3,2.2,0.6,83,159.6,0.3,0.6,0.1,0,233.6,1.7,-18.1,1.8,1.4,99.6,0.3,99.2,0.1,270.3,4.6,1,3.6,-4.3,0,0,0,14.4,21.6,22.9,-0.1,4.2,-0.9,0.5,0.2,-0.2,-0.7,-0.6,1,0.8,-0.9,-0.7
8/31/2015,0.4,99.9,99.8,99.7,11.9,57.3,"13,969.70","11,545.20",101.4,"391,697.50",278.7,10.6,-2.1,7.8,0.1,2604.2,"4,482,906.70",2433.8,0.4,2.2,0.6,85.4,156,0.3,0.6,0.2,0.1,224.2,1.8,-17.7,1.8,1.3,99.8,0.1,99.3,0,279.6,4.8,1.1,3.8,-6.3,0,0,0,16,21.8,23.7,-0.1,4.2,-1,0.4,0,-0.4,-0.7,-0.7,0.8,0.6,-0.9,-0.7
9/30/2015,0.3,100,100.1,100,12.7,58.4,"13,996.40","11,566.10",101.2,"392,755.70",276.8,10.4,-2.2,7.4,0.1,2615.6,"4,483,713.10",2479.9,0.5,2.2,0.6,86.9,152.9,0.3,0.6,0.1,0,217.2,1.8,-16.7,1.7,1.3,100,-0.1,99.4,-0.1,291,5,1.2,3.9,-6.3,0,0,0,18.4,23.5,25.9,-0.1,4.3,-1.1,0.3,-0.1,-0.5,-0.7,-0.6,0.9,0.7,-0.8,-0.7
10/31/2015,0.3,100.1,100,100,14.7,59.1,"14,051.80","11,615.00",101,"393,395.50",273.5,10.2,-2.6,6.8,0.1,2630.6,"4,487,038.20",2536.3,0.5,2.2,0.6,85.5,149.8,0.3,0.5,0.1,0,211.7,1.8,-17.5,1.6,1.3,100.1,-0.1,99.5,-0.1,302.1,5.3,1.2,4.1,-6.3,0,0,0,17.8,24.5,25.2,-0.1,4.4,-1,0.3,-0.1,-0.5,-0.7,-0.6,0.9,0.7,-0.8,-0.7
11/30/2015,0.3,100.2,100.1,100.1,10.1,60.8,"14,101.60","11,658.50",100.8,"393,835.10",272.5,10.2,-3,6.8,0.1,2622.5,"4,486,721.60",2579.6,0.5,2.2,0.6,87.1,146.4,0.3,0.6,0.1,0,203.5,1.8,-16.8,1.6,1.2,100.1,-0.1,99.4,-0.1,307.3,5.4,1.2,4.1,-1.6,0,0,0,17.4,23.8,24.5,-0.1,4.3,-1,0.3,0,-0.4,-0.7,-0.6,0.8,0.6,-0.8,-0.6
12/31/2015,0.3,100,100.1,100.1,12.1,61.1,"14,146.90","11,693.90",100.4,"394,213.60",271.6,10.1,-3.3,6.4,0.1,2564.6,"4,486,739.20",2626.8,0.6,2.2,0.6,88.9,140.1,0.4,0.6,0.1,0,196.1,1.9,-15.4,1.6,1.2,100.2,-0.2,99.4,-0.2,312,5.8,1.3,4.2,-1.6,0,0,0,17.6,26.1,24.3,-0.1,4.3,-1.1,0.2,0,-0.4,-0.7,-0.7,0.6,0.5,-0.9,-0.6
1/31/2016,0.3,100.3,100,100.1,10.6,60.8,"14,182.30","11,722.20",99.9,"394,264.60",273.5,10,-3.4,6.1,0.1,2510.7,"4,487,547.00",2681.5,0.6,2.2,0.6,89.4,133.8,0.4,0.7,0.1,0,190.1,1.9,-14.6,1.6,1.2,100.4,-0.3,99.6,-0.3,319.4,6.1,1.3,4.5,-1.6,0,-0.1,0,19.2,27.8,25.8,-0.2,4.4,-1.2,0.2,-0.3,-0.5,-0.6,-0.6,0.7,0.6,-0.8,-0.6
2/29/2016,0.2,100.5,100,100.2,7.7,60.9,"14,214.10","11,745.10",99.8,"394,867.80",272.7,9.9,-3.8,5.5,0.1,2493,"4,487,100.20",2724.5,0.6,2.1,0.5,85,125.3,0.4,0.6,0.1,-0.1,187.5,2,-13.3,1.5,1.2,100.6,-0.5,99.7,-0.5,330.3,6.6,1.4,4.8,1.6,0,-0.1,-0.1,20.1,27.9,27.5,-0.2,4.6,-1.3,0.3,-0.4,-0.6,-0.7,-0.6,0.9,0.7,-0.8,-0.7
3/31/2016,0.2,100.7,100.8,101.1,16.5,60.1,"14,242.90","11,766.90",99.6,"394,503.00",270.1,9.8,-4.4,5.4,0,2483.7,"4,486,262.50",2768.7,0.5,2,0.4,80.7,118.1,0.4,0.6,0.1,0,188.1,2.1,-12.5,1.5,1.3,100.5,-0.5,99.7,-0.5,328.5,6.6,1.4,4.8,1.6,0,-0.1,-0.1,18.8,29.6,26.6,-0.2,4.7,-1.2,0.2,-0.4,-0.6,-0.8,-0.9,0.7,0.5,-1.2,-0.8
4/30/2016,0.2,100.7,100.9,101.1,16.2,59.5,"14,282.30","11,801.60",99.2,"394,112.70",268.5,9.9,-4.7,5.8,0,2467.7,"4,486,394.60",2837.8,0.4,1.9,0.3,77.1,113.9,0.5,0.6,0.1,0,188.9,2.1,-13.2,1.5,1.3,100.4,-0.4,99.8,-0.4,320.2,6.5,1.4,4.6,1.6,0,-0.1,-0.1,17.5,32,25.4,-0.3,4.7,-1.1,0.2,-0.3,-0.6,-0.8,-1.2,0.5,0.3,-1.4,-0.8
5/31/2016,0.2,100.8,100.7,100.9,10.9,59,"14,314.50","11,830.20",99,"395,600.50",270.4,9.9,-4.3,6.5,0.1,2443.8,"4,482,331.60",2896.5,0.3,1.9,0.3,74,109.2,0.5,0.6,0.1,0,188.1,2.1,-12.6,1.6,1.4,100.3,-0.3,99.8,-0.4,310.6,6.3,1.3,4.5,2.5,0,0,-0.1,16.7,32.3,24.9,-0.3,4.8,-1.1,0.3,-0.2,-0.5,-0.8,-1.2,0.4,0.2,-1.4,-0.8
6/30/2016,0.3,100.9,101,101.1,9.6,58.7,"14,326.40","11,835.70",98.8,"397,082.40",269.3,9.8,-3.7,6.8,0.1,2421.9,"4,478,025.10",2955.7,0.3,1.8,0.2,69.6,103.8,0.5,0.6,0.2,-0.1,188.8,2.1,-11.9,1.5,1.4,100.2,-0.3,99.8,-0.5,305,6.1,1.3,4.5,2.5,0,0,-0.1,17.1,33.7,26.7,-0.3,4.8,-1.2,0.3,-0.2,-0.6,-0.6,-1.2,0.5,0.2,-1.4,-0.7
7/31/2016,0.3,101,100.8,101,6.8,59.1,"14,370.30","11,873.40",98.8,"398,661.40",265.8,9.7,-3.3,6.8,0.1,2389.8,"4,476,303.40",3058.1,0.2,1.7,0.1,65.8,97.8,0.5,0.6,0.2,-0.1,192.5,2.2,-10.6,1.5,1.4,100.1,-0.3,99.8,-0.5,296.4,5.9,1.3,4.4,2.5,0,0,-0.1,16,35.2,25.4,-0.3,4.8,-1.2,0.2,-0.2,-0.5,-0.5,-1.1,0.4,0.2,-1.4,-0.6
8/31/2016,0.2,101.2,100.9,101.1,7.2,58.8,"14,400.90","11,898.90",98.8,"399,933.90",265.3,9.7,-2.8,7.5,0.1,2379.1,"4,472,980.50",3129,0.2,1.7,0.1,62.3,92.8,0.5,0.6,0.1,-0.1,195,2.2,-8.8,1.5,1.5,99.9,-0.2,99.8,-0.4,287.8,5.7,1.2,4.2,1.8,0,0,0,14.9,39.7,23.8,-0.3,4.8,-1,0.3,-0.1,-0.3,-0.5,-1.1,0.3,0.1,-1.3,-0.5
9/30/2016,0.2,101.4,101,101.2,6.2,58.8,"14,422.80","11,918.30",98.8,"400,254.80",261.6,9.7,-2.4,8,0.1,2346.6,"4,471,045.70",3216.1,0.1,1.7,0,61.7,90.8,0.5,0.6,0.1,-0.1,196.3,2.2,-7.8,1.5,1.5,99.9,-0.3,99.8,-0.3,281.9,5.5,1.2,4.1,1.8,0,0,0,14.7,44.6,22.6,-0.3,4.8,-0.8,0.2,-0.2,-0.2,-0.5,-1.2,0.3,0.1,-1.5,-0.5
10/31/2016,0.2,101.4,101,101.3,0.8,60.6,"14,472.50","11,964.10",98.7,"401,388.30",259.2,9.7,-1.9,8.7,0.1,2274.7,"4,467,809.60",3291.7,0.1,1.7,0,64,91.1,0.5,0.6,0.2,-0.1,197.8,2.2,-6.3,1.6,1.6,99.9,-0.3,99.8,-0.3,276,5.2,1.2,4.1,1.8,0,0,0,14.7,46.2,21.6,-0.3,4.8,-0.8,0.3,-0.2,-0.2,-0.6,-1.3,0.3,0.1,-1.5,-0.6
11/30/2016,0.3,101.9,101.1,101.4,7.4,61.3,"14,498.50","11,989.10",98.7,"404,107.30",256.7,9.6,-1.4,8.8,0.1,2236.3,"4,463,343.90",3363.5,0.2,1.8,0.1,71.8,98.8,0.6,0.7,0.1,-0.1,205.3,2.2,-4.9,1.7,1.6,100,-0.2,99.8,-0.3,269.8,5.1,1.2,4.1,1.1,0,0,0,14.8,43.8,21.7,-0.3,4.7,-0.8,0.4,-0.2,-0.1,-0.7,-1.5,0.2,0,-1.8,-0.6
12/31/2016,0.3,102,101.5,101.7,4.5,61.8,"14,524.70","12,013.60",98.6,"405,737.50",255,9.5,-1,8.5,0.1,2177.7,"4,462,414.50",3457.4,0.3,2,0.1,81.4,108.1,0.6,0.8,0.2,0,211.3,2.2,-2.3,1.7,1.7,100,-0.2,99.7,-0.3,259.2,4.8,1.2,4,1.1,0,0,0,14.1,43.9,20.3,-0.3,4.5,-0.9,0.2,-0.4,-0.1,-0.8,-1.8,-0.3,-0.5,-2,-0.8
1/31/2017,0.4,102.2,101.9,102,5.9,63.8,"14,548.00","12,032.30",98.7,"407,996.50",252.9,9.4,-0.5,8.8,0.1,2153.4,"4,460,275.60",3529,0.3,2.1,0.2,88.6,112.4,0.7,0.9,0.1,0,216.4,2.2,1.2,1.8,1.7,100,-0.1,99.7,-0.2,248.8,4.6,1.2,3.8,1.1,0,0,0.1,13.4,44.6,19.1,-0.3,4.4,-1,0.2,-0.3,-0.1,-0.8,-2,-0.6,-0.8,-2.2,-0.8
2/28/2017,0.5,102.4,102.1,102.2,6.8,64.7,"14,575.60","12,053.10",98.7,"410,327.50",250.1,9.3,-0.2,8.9,0.1,2177.6,"4,459,865.70",3600.5,0.3,2.2,0.2,95.2,114.9,0.7,1,0.2,0,222.2,2.2,7.5,1.9,1.8,100,-0.1,99.7,-0.2,241.7,4.4,1.2,3.7,3.6,0,0,0.1,12.9,44.5,18.1,-0.3,4.3,-1,0.2,-0.3,0,-0.7,-2.1,-0.8,-1,-2.2,-0.7
3/31/2017,0.5,102.5,102.1,102,6.2,64.8,"14,613.20","12,082.10",98.6,"412,455.40",248.6,9.2,-0.1,9,0.1,2220.1,"4,462,548.00",3705.8,0.3,2.3,0.3,101.9,115.5,0.8,1.1,0.1,0.1,226,2.2,10.9,1.9,1.8,99.9,0.1,99.6,-0.1,235.1,4.2,1.2,3.7,3.6,0,0,0.1,12.6,40.9,17.2,-0.3,4.2,-1,0.1,-0.3,0,-0.6,-2.1,-0.8,-1,-2.3,-0.6
4/30/2017,0.6,102.9,102.3,102.4,6.4,66.6,"14,622.30","12,086.40",98.7,"413,217.30",247.2,9,0,8.7,0.1,2237.6,"4,466,625.00",3827.4,0.3,2.3,0.3,102.4,112.7,0.9,1.1,0.1,0.1,226.6,2.1,11.8,1.9,1.8,99.8,0.1,99.6,-0.2,233.5,4.1,1.2,3.6,3.6,0,0.1,0.1,12.7,37.8,17.9,-0.4,4.2,-0.9,0,-0.2,0.1,-0.7,-2,-0.6,-0.7,-2.1,-0.7
5/31/2017,0.6,103.1,102.4,102.6,4.2,67.3,"14,645.80","12,104.80",99.1,"414,673.50",245.2,8.9,0.1,8.6,0.1,2234.2,"4,467,122.50",3927,0.4,2.3,0.3,103.2,108.6,1,1.2,0.1,0.1,226,2.1,10.9,1.9,1.8,99.8,0.3,99.6,-0.1,231.2,4,1.2,3.4,-2.3,0,0.1,0.1,12.2,32.9,17,-0.4,4.1,-0.8,0.1,-0.3,0.1,-0.7,-1.9,-0.4,-0.6,-2.1,-0.7
6/30/2017,0.6,103.4,102.7,103.1,3.3,68.1,"14,628.70","12,089.00",99.4,"415,536.80",244,8.8,0.2,8.6,0.1,2226.3,"4,467,673.40",4027.8,0.4,2.3,0.3,100.8,101.5,1.1,1.2,0.1,0.2,225.6,2,8.8,1.9,1.7,99.6,0.4,99.6,-0.1,227.3,3.9,1.1,3.2,-2.3,0,0.1,0.1,11.7,30.1,16.2,-0.4,4.1,-0.8,0,-0.3,0.1,-0.5,-1.6,-0.3,-0.5,-1.8,-0.5
7/31/2017,0.6,103.7,103.1,103.4,3.4,67.1,"14,631.30","12,093.40",99.7,"416,097.40",243.7,8.7,0.1,8.8,0.1,2228.3,"4,468,070.80",4086,0.4,2.3,0.4,105.4,99.4,1.1,1.3,0.1,0.2,228.1,1.9,5.6,1.8,1.7,99.5,0.5,99.6,0,221.8,3.8,1.1,3.1,-2.3,0,0.1,0.1,11.3,27.1,15.6,-0.4,4.1,-0.8,0.1,-0.2,0.2,-0.5,-1.4,-0.2,-0.4,-1.6,-0.5
8/31/2017,0.6,103.9,103.2,103.5,1.6,65.6,"14,628.90","12,091.80",99.8,"417,821.60",243,8.7,0,8.5,0.1,2261.4,"4,466,143.10",4136.2,0.4,2.3,0.4,107.3,95.6,1.1,1.3,0.1,0.2,236.2,1.8,3.5,1.8,1.7,99.4,0.6,99.7,0.1,218.5,3.8,1,2.9,-0.1,0,0.1,0.1,11.5,26.6,15.6,-0.4,4.2,-0.6,0.1,-0.3,0.2,-0.5,-1.4,-0.2,-0.3,-1.5,-0.5
9/30/2017,0.7,103.9,103.7,104.1,0.8,66.3,"14,627.50","12,093.10",99.8,"417,942.30",250.2,8.6,-0.2,8.2,0.1,2271.2,"4,464,299.00",4195.3,0.4,2.2,0.4,108.6,91.7,1.2,1.3,0.1,0.2,242.8,1.8,2,1.8,1.6,99.3,0.6,99.7,0.1,216.1,3.7,1,2.8,-0.1,0,0.1,0.1,11.2,26.5,14.9,-0.4,4.2,-0.5,0.1,-0.4,0.1,-0.5,-1.2,0,-0.1,-1.4,-0.4
10/31/2017,0.7,104.3,104.3,104.7,3.5,65.2,"14,629.90","12,095.30",99.8,"420,487.00",248.5,8.4,-0.1,8.1,0.1,2263.9,"4,463,871.40",4242.5,0.4,2.3,0.4,110.2,88.6,1.3,1.4,0.1,0.2,249.9,1.8,0.3,1.8,1.6,99.2,0.7,99.7,0.1,210.2,3.6,1,2.7,-0.1,0,0.1,0.1,10.8,25.3,14,-0.4,4.1,-0.4,0.1,-0.2,0.2,-0.5,-1.2,0,-0.1,-1.3,-0.5
11/30/2017,0.7,104.2,104.5,105,1,66,"14,635.90","12,102.00",100.1,"423,047.90",245.5,8.3,0,8.2,0.1,2278.4,"4,459,029.30",4287.8,0.4,2.3,0.4,109.7,81.6,1.4,1.5,0.1,0.3,256.3,1.8,-0.7,1.8,1.6,99.2,0.8,99.7,0.1,204.6,3.6,1,2.7,0.2,0,0.1,0.1,10.7,22.2,13.8,-0.4,4.1,-0.3,0.2,-0.1,0.2,-0.5,-0.9,0.2,0.1,-1.1,-0.5
12/31/2017,0.7,104.6,104.7,105.1,4.2,66.8,"14,649.60","12,116.70",100.5,"426,597.10",241.7,8.3,0.3,8.2,0.1,2268.6,"4,455,560.70",4348.9,0.4,2.3,0.4,108,74.4,1.4,1.6,0.1,0.3,260.7,1.8,-1.2,1.9,1.7,99.1,0.8,99.7,0,198.2,3.6,0.9,2.7,0.2,0,0.1,0.1,10.5,23.1,13.4,-0.4,4,-0.4,0.1,-0.1,0.1,-0.5,-1,0.3,0.1,-1.1,-0.5
1/31/2018,0.8,104.9,105.4,106,1.4,68.9,"14,668.00","12,129.10",100.7,"429,807.00",240.8,8.2,1,8.1,0.1,2253.2,"4,449,223.50",4386.1,0.5,2.4,0.4,109.7,68.5,1.6,1.8,0.1,0.3,268.1,1.8,-1.6,1.9,1.7,98.9,0.9,99.7,0.1,188.6,3.5,0.9,2.7,0.2,0,0.1,0.1,10.7,24.2,12.9,-0.4,4,-0.4,0.2,-0.1,0.1,-0.4,-1,0.3,0.2,-1.1,-0.4
2/28/2018,0.8,104.8,106.2,106.7,3.8,69.8,"14,692.00","12,152.30",100.9,"431,109.00",236.4,8.2,2,7.7,0.1,2249.1,"4,439,246.60",4418.7,0.5,2.5,0.5,114.1,68.5,1.7,1.9,0.1,0.3,272.7,1.8,-0.6,2,1.7,98.9,0.7,99.8,0.1,182.1,3.5,0.9,2.7,-2.6,0,0.1,0.2,14.6,24.2,15.9,-0.4,3.9,-0.3,0.2,-0.1,0.1,-0.4,-1,0.4,0.3,-1.1,-0.4
3/31/2018,0.8,104.8,106.1,106.8,2.9,70.1,"14,715.40","12,172.00",101.1,"432,009.30",231.8,8.1,3,7.3,0.1,2225.6,"4,427,830.10",4456.8,0.6,2.6,0.5,114.6,64.9,1.7,2,0.1,0.2,271.4,1.8,-0.2,2,1.7,98.9,0.5,99.8,0,181.7,3.5,0.9,2.8,-2.6,0,0.1,0.1,16.4,28.5,16.7,-0.4,4,-0.3,0.1,-0.2,0,-0.5,-1.1,0.2,0.1,-1.2,-0.5
4/30/2018,0.8,105,105.8,106.4,5.3,70.1,"14,736.30","12,190.30",101.5,"433,303.80",230.5,8.1,3.2,6.9,0,2185.8,"4,414,760.20",4481.9,0.6,2.7,0.5,113.8,60.2,1.8,2.1,0.1,0.2,273.6,1.9,-0.8,2,1.8,98.9,0.4,99.8,0,181,3.4,0.9,2.8,-2.6,0,0,0.1,17,32.6,16.1,-0.4,4,-0.4,0,-0.3,0,-0.6,-1.3,0.1,0,-1.4,-0.6
5/31/2018,0.8,105.3,105.7,106.1,7.3,69.5,"14,759.50","12,209.30",102,"434,994.10",226.9,8,2.8,6,0,2139.1,"4,389,972.60",4504,0.7,2.8,0.5,112.8,56.1,1.9,2.2,0.1,0.2,275.6,1.9,-2,2.1,1.9,99,0.4,99.8,0,182.3,3.4,0.9,2.9,-1.5,0,0,0.1,15.8,32,15.5,-0.4,4.1,-0.5,-0.1,-0.3,0,-0.6,-1.1,0.2,0,-1.2,-0.6
6/30/2018,0.8,105.4,105.5,106.1,10,69.6,"15,184.40","12,578.30",102.2,"437,300.70",225.1,7.9,2.5,5.3,0,2096,"4,368,946.90",4530.4,0.7,2.8,0.5,109.8,50.9,2,2.3,0.1,0.2,277.2,2,-2.2,2.1,1.9,99,0.4,99.9,0,185.1,3.4,1,3.1,-1.5,0,0,0.1,15,31.9,15.3,-0.4,4.1,-0.6,-0.1,-0.4,0,-0.6,-1.1,0.2,0.1,-1.2,-0.6
7/31/2018,0.8,105.6,105.8,106.5,6,69.2,"15,493.00","12,845.80",102.5,"439,833.00",224.2,7.8,2.2,4.8,0,2054.2,"4,345,757.00",4550.9,0.7,2.8,0.4,106.4,44.2,2.1,2.4,0,0.2,267.8,2.1,-1.3,2.1,2,99.1,0.4,99.9,0,186.7,3.4,1,3.2,-1.5,0,0,0.1,14.3,30.3,14.6,-0.4,4.1,-0.6,-0.1,-0.5,-0.2,-0.6,-1.1,0.2,0.1,-1.2,-0.6
8/31/2018,0.8,105.7,105.9,106.7,4.1,68.8,"15,723.30","13,042.70",102.8,"441,584.70",221.1,7.6,2,4.3,0,2013.4,"4,308,462.90",4572.4,0.7,2.9,0.4,103.2,38.3,2.2,2.5,0,0.2,259.7,2.2,-0.4,2.1,2,99.1,0.6,100,-0.1,187.1,3.4,1.1,3.3,-1.8,0,0,0,13.6,26.9,14.5,-0.4,4.2,-0.6,-0.3,-0.6,-0.2,-0.4,-1.1,0.2,0.1,-1.1,-0.4
9/30/2018,0.8,105.8,105.7,106.4,6.1,68.3,"15,894.40","13,187.30",103.2,"443,162.00",218.4,7.6,1.7,4.1,0,1973.5,"4,278,989.30",4589.9,0.8,2.9,0.4,101.8,34.3,2.2,2.5,0.1,0.2,253.6,2.2,0.8,2.1,2,99.1,0.7,100,-0.1,187.3,3.4,1.1,3.3,-1.8,0,0,0,13.3,23.4,14.5,-0.4,4.2,-1,-0.2,-0.5,-0.1,-0.3,-1,0.2,0.1,-1.1,-0.3
10/31/2018,0.8,105.8,105.8,106.5,5.9,67.9,"16,022.40","13,293.70",103.5,"444,677.40",217.1,7.6,1.3,3.9,0,1932.5,"4,240,705.80",4600.6,0.9,3,0.4,102.1,32.7,2.3,2.6,0,0.1,251.4,2.2,2,2.1,2,99.2,0.6,100.1,-0.2,188.2,3.4,1.1,3.4,-1.8,0,0,0,15.5,21.3,16.1,-0.4,4.2,-1,-0.2,-0.6,-0.2,-0.4,-1.1,0.2,0,-1.1,-0.4
11/30/2018,0.8,106.1,105.8,106.5,3.3,68,"16,121.60","13,378.50",103.6,"446,501.30",217.8,7.6,0.7,3.4,0,1887.6,"4,206,750.30",4614.2,0.9,3,0.4,100.5,30.5,2.4,2.7,0.1,0.1,247.7,2.2,3.7,2.1,2,99.4,0.5,100.2,-0.3,195.1,3.5,1.2,3.7,-6.6,0,0,0,16.6,23,16.7,-0.4,4.3,-1,-0.3,-0.7,-0.2,-0.5,-1,0.3,0.1,-1.1,-0.5
12/31/2018,0.7,106.4,105.7,106.4,0.2,65.7,"16,241.10","13,485.80",103.7,"448,349.80",217.6,7.6,0.1,3.6,0,1831.5,"4,171,707.90",4629.7,1,3,0.4,96.1,26.2,2.4,2.6,0.1,0.1,244,2.2,4,2,2,99.6,0.2,100.2,-0.4,205.6,3.9,1.3,4,-6.6,0,0,0,18.8,25.9,17.7,-0.4,4.5,-1.3,-0.3,-0.8,-0.2,-0.6,-1.2,0.2,0,-1.3,-0.6
1/31/2019,0.6,106.4,105.3,106,-1.9,62.9,"16,324.40","13,538.60",103.7,"447,697.30",218,7.7,-0.9,3.4,0,1776.5,"4,130,064.70",4650.7,0.9,2.9,0.3,91.2,23.1,2.4,2.6,0.2,0,241.2,2.2,1.9,1.9,2,99.7,0.1,100.2,-0.4,216.8,4,1.4,4.2,-6.6,0,0,0,19,26.5,17.6,-0.4,4.7,-1.5,-0.3,-1,-0.2,-0.6,-1.3,0.1,0,-1.3,-0.6
2/28/2019,0.6,106.6,105,105.8,-2.8,61.5,"16,389.40","13,579.30",103.6,"446,537.50",220.6,7.6,-1.8,3.6,0,1739,"4,093,343.70",4663.7,0.9,2.8,0.3,85,21.3,2.4,2.5,0.1,-0.1,243.1,2.2,-2.5,1.9,2,99.7,0.3,100.2,-0.3,219.7,4,1.4,4.2,0.9,0,-0.1,-0.1,18,23.8,16.7,-0.4,4.7,-1.2,-0.3,-1,-0.4,-0.6,-1.2,0.2,0,-1.3,-0.6
3/31/2019,0.6,107,105.1,105.7,-5.3,61.7,"16,429.50","13,600.50",103.4,"446,287.60",220.5,7.5,-2.3,3.1,0,1716.8,"4,056,729.80",4671.4,0.8,2.7,0.2,77.7,19.6,2.4,2.4,0.2,0,246,2.2,-5.3,1.9,1.9,99.6,0.4,100.1,-0.2,222.1,4,1.3,4.1,0.9,0,-0.1,0,17,20.4,16.1,-0.4,4.7,-1,-0.3,-1,-0.5,-0.7,-1.2,0.1,0,-1.3,-0.7
4/30/2019,0.6,107.3,105.1,105.8,-6.4,61.8,"16,458.10","13,609.50",103.2,"448,200.00",217.9,7.5,-2.5,3.1,0,1671.8,"4,021,587.20",4680,0.7,2.7,0.1,72.1,19.2,2.4,2.4,0.1,-0.1,248,2.1,-7.2,1.9,1.8,99.6,0.5,100,-0.1,220.8,3.9,1.3,3.9,0.9,0,0,0,15.9,18.2,15.3,-0.4,4.7,-0.9,-0.3,-0.9,-0.4,-0.6,-1.2,0.2,0,-1.3,-0.6
5/31/2019,0.6,107.6,105.2,105.9,-4.6,62.1,"16,490.60","13,626.80",102.9,"449,258.30",218.6,7.4,-2.2,3.2,0,1626,"3,969,876.80",4682.3,0.7,2.6,0.1,66.8,18.8,2.3,2.3,0.1,-0.1,245,2.1,-8.4,1.9,1.8,99.6,0.6,100,-0.1,222.2,3.9,1.3,3.9,4,0,0,0,16.1,16.4,15.7,-0.4,4.7,-0.8,-0.3,-0.9,-0.6,-0.7,-1.3,0.1,-0.1,-1.4,-0.6
6/30/2019,0.5,107.6,104.9,105.6,-4.4,63.2,"16,645.50","13,774.60",102.8,"451,519.90",219,7.3,-1.9,3.6,0,1600.2,"3,933,434.10",4683.6,0.6,2.4,0,60.4,20.4,2.2,2.1,0.1,-0.1,242,2.1,-10.2,1.8,1.7,99.5,0.6,100,-0.1,227,3.9,1.2,3.8,4,0,0,0,16,15.8,15.4,-0.4,4.8,-0.7,-0.4,-0.8,-0.6,-0.6,-1.4,0,-0.1,-1.5,-0.6
7/31/2019,0.5,108,105,105.8,-2.2,63.4,"16,754.40","13,874.10",102.7,"452,615.10",217.8,7.2,-1.8,4,0,1575.5,"3,888,767.30",4683.8,0.5,2.3,-0.1,54.4,20.8,2.1,1.9,0.1,-0.1,241.6,2.1,-11.2,1.8,1.7,99.4,0.6,99.9,0,225.9,3.8,1.2,3.6,4,0,0,0,15.2,15.2,14.6,-0.4,4.8,-0.7,-0.2,-0.7,-0.9,-0.6,-1.6,-0.1,-0.2,-1.6,-0.6
8/31/2019,0.4,108.2,104.7,105.5,-0.8,63.9,"16,845.80","13,958.70",102.5,"454,250.80",216.9,7.2,-2,4.1,0,1559.9,"3,855,705.60",4682.4,0.4,2.1,-0.3,45.8,15.9,1.9,1.7,0.1,-0.1,240.7,2.1,-11.2,1.7,1.7,99.4,0.5,99.9,-0.1,226.4,3.9,1.1,3.7,3.2,0,0,0,16.3,15.1,15.9,-0.4,5,-0.7,-0.3,-0.7,-1,-0.5,-1.9,-0.3,-0.3,-1.8,-0.5
9/30/2019,0.3,108.4,104.5,105.2,1.2,64.8,"16,927.50","14,032.30",102.6,"456,460.60",215.8,7.1,-2,4.4,0,1525.6,"3,843,362.50",4676.9,0.3,2,-0.4,38.9,12.5,1.8,1.6,0.1,-0.1,242.5,2.2,-11,1.7,1.8,99.3,0.4,99.8,0,224.9,3.9,1.1,3.6,3.2,0,0,0,16.1,15.6,15.8,-0.4,5,-0.8,-0.3,-0.7,-0.9,-0.5,-2,-0.3,-0.4,-2,-0.4
10/31/2019,0.3,108.6,104.3,105,2,65.7,"16,966.80","14,065.00",102.5,"457,585.80",215.5,7.1,-2.1,4.7,0,1513,"3,887,552.90",4680.1,0.3,1.9,-0.4,34.7,13.3,1.7,1.5,0.1,-0.1,243.9,2.3,-12.8,1.7,1.7,99.3,0.4,99.8,0.1,224.2,3.9,1.1,3.6,3.2,0,0,0,15.8,19.2,15.8,-0.4,5,-0.8,-0.3,-0.7,-0.9,-0.5,-2.2,-0.4,-0.4,-2,-0.5
11/30/2019,0.3,108.6,104.2,104.9,4,67.2,"17,014.60","14,107.40",102.2,"458,623.30",215.9,7,-2.1,5.3,0,1517.6,"3,931,599.30",4683.6,0.3,1.9,-0.4,33.3,15,1.6,1.4,0.1,-0.1,243.7,2.3,-12.9,1.7,1.7,99.2,0.4,99.7,0.1,221.1,3.8,1.1,3.6,6.3,0,0,0,14.9,21.9,14.9,-0.4,5,-0.7,-0.2,-0.7,-0.8,-0.5,-2.1,-0.3,-0.3,-2,-0.6
12/31/2019,0.3,108.9,104,104.7,6.9,68.3,"17,042.10","14,133.00",102.1,"459,810.40",218.4,7,-2.2,5.6,0,1549.8,"3,984,890.90",4687.8,0.2,1.9,-0.3,33.9,17.9,1.6,1.4,0.1,-0.1,243.2,2.3,-12.5,1.7,1.7,99.1,0.4,99.7,0.2,215.2,3.7,1.1,3.4,6.3,0,0,0.1,14.6,24.9,14.6,-0.4,4.9,-0.9,0.1,-0.5,-0.7,-0.6,-2.2,-0.4,-0.4,-2,-0.6
1/31/2020,0.3,108.8,103.7,104.3,16.7,70.5,"17,075.80","14,152.40",102,"461,154.80",216.5,6.9,-2.1,5.9,0,1577.1,"4,044,085.20",4680.3,0.2,1.8,-0.3,33.7,19.6,1.6,1.4,0.1,-0.1,242.4,2.3,-12.4,1.7,1.7,99,0.5,99.6,0.2,211.6,3.6,1,3.3,6.3,0,0,0.1,14.4,22.8,14.3,-0.4,4.8,-0.9,0,-0.5,-0.6,-0.6,-2,-0.3,-0.3,-1.8,-0.6
2/29/2020,0.3,109,103,103.7,19.9,71.8,"17,121.60","14,186.90",101.7,"461,746.60",215.1,7,-1.9,6,0,1599.9,"4,079,656.10",4681.1,0.1,1.7,-0.4,30.6,18.7,1.5,1.3,0.1,-0.1,237.8,2.3,-10.9,1.7,1.7,98.9,0.5,99.6,0.3,211.8,3.7,1,3.3,6.6,0,0.1,0.1,15.9,19.5,15.4,-0.4,4.8,-0.9,0,-0.7,-0.6,-0.6,-1.6,-0.1,-0.1,-1.5,-0.6
3/31/2020,0.1,109.3,103,103.7,25.4,72.4,"17,063.80","14,108.10",101.6,"461,905.00",436.6,7.5,-2.6,8.4,0.1,1727.1,"4,242,752.50",4732.6,0.1,1.5,-0.4,29.5,25.7,1.1,1,0.4,0,228.8,2.3,-10.3,1.5,1.8,99.4,-0.9,99.8,-0.4,251,5,1.3,4.4,6.6,0,0.1,0.1,28.5,46.5,28.1,-0.4,5.2,-1,-0.2,-0.9,-0.7,-0.7,-1.1,0.4,0.3,-1.1,-0.7
4/30/2020,-0.6,106.5,103,103.9,19.9,72.3,"17,558.90","13,799.30",100.4,"454,077.00",1652.2,11.9,-6.5,13.6,0.1,2077.5,"4,955,780.30",4886.9,-0.1,1.2,-0.4,27.5,30.7,0.8,0.7,0.3,-0.1,220.5,2.3,-9.6,1.4,1.7,99.5,-1.6,100.1,-0.8,280.3,5.8,1.5,5,6.6,-0.1,0,0,32,55.4,31.8,-0.4,5.3,-1,-0.4,-1.1,-0.6,-0.7,-0.7,0.7,0.5,-0.7,-0.7
5/31/2020,-1,101.2,99.8,100.4,6.5,60.2,"17,689.90","13,632.10",95.8,"430,507.90",2015.1,14.6,-11,104.3,0.2,2403.3,"5,524,255.10",5099,-0.2,1.1,-0.4,25.5,36.1,0.6,0.5,0.2,0,216.2,2,-10,1.3,1.5,99.6,-1.4,100.2,-0.9,294,6.1,1.6,5.3,28.9,-0.1,0,0,31.7,43.5,31.7,-0.4,5.3,-0.9,-0.2,-1.1,-0.6,-0.7,-0.5,0.9,0.6,-0.6,-0.8
6/30/2020,-0.9,102.1,92.5,92.5,-1,53.6,"17,768.00","13,593.00",92.9,"435,196.50",1895.3,15.5,-13.8,170.3,0.2,2586.2,"5,978,071.30",5300.2,-0.3,1,-0.4,25.2,41.1,0.4,0.4,0.2,0,216.8,1.8,-13,1.3,1.4,99.5,-1.2,100.2,-0.8,293.8,6.1,1.6,5.2,28.9,0,-0.1,0,31.6,33.5,32.1,-0.5,5.1,-0.9,-0.1,-0.9,-0.4,-0.8,-0.7,0.7,0.4,-0.8,-0.8
7/31/2020,-0.7,104.7,90.2,90.1,0.1,54.8,"17,843.60","13,599.50",92.4,"447,106.30",1723.9,15.8,-12.6,217.9,0.3,2624,"6,312,570.30",5651.1,-0.5,0.9,-0.5,23.9,42.7,0.3,0.3,0.2,0,222.3,1.6,-13.7,1.3,1.3,99.3,-0.8,100.2,-0.6,287,5.9,1.5,5.1,28.9,0,-0.1,0,30.1,25.9,30.4,-0.5,4.9,-0.8,0.1,-0.7,-0.4,-0.7,-0.7,0.8,0.5,-0.7,-0.7
8/31/2020,-0.6,106.1,90.7,90.8,6.5,59.7,"17,734.20","13,636.20",93.1,"457,509.40",1515.4,15.4,-9.6,252.7,0.3,2674.2,"6,501,242.20",5867.9,-0.6,0.8,-0.5,22.9,45,0.2,0.2,0.2,0,229.3,1.6,-12.4,1.4,1.3,99.1,-0.5,100.3,-0.3,280,5.6,1.4,4.9,57.3,0,-0.1,0,28.1,20.4,28.6,-0.5,4.8,-0.5,0.2,-0.5,-0.3,-0.5,-0.6,1,0.7,-0.7,-0.6
9/30/2020,-0.5,108.2,92.4,92.5,4.7,65,"17,733.90","13,743.20",93.9,"464,758.70",1331.9,14.6,-6.8,278.2,0.3,2725.2,"6,688,654.30",6045.9,-0.8,0.8,-0.5,22.2,47.6,0.2,0.2,0.2,0,235.6,1.6,-9.8,1.5,1.4,98.9,-0.4,100.3,-0.2,276.6,5.4,1.3,4.8,57.3,0.1,0,0,27.9,16.1,27.9,-0.5,4.7,-0.5,0.2,-0.5,-0.2,-0.5,-0.6,1.1,0.8,-0.7,-0.6
10/31/2020,-0.3,109.3,93.7,93.8,7,70.1,"17,713.40","13,878.60",94.4,"473,016.50",1152.5,13.9,-4.5,296.5,0.4,2768.5,"6,816,609.00",6285.8,-0.8,0.8,-0.5,20.7,52.1,0.2,0.1,0.2,0.1,241.2,1.7,-7.9,1.6,1.4,98.7,-0.3,100.4,-0.2,273.5,5.3,1.3,4.7,57.3,0,0.1,0,28.5,13.2,28,-0.5,4.6,-0.3,0.2,-0.3,-0.1,-0.5,-0.5,1.1,0.9,-0.6,-0.5
11/30/2020,-0.3,110.4,94.8,94.9,9.3,74.4,"17,638.40","13,947.00",95,"480,067.50",1037.7,13.4,-2.8,310.4,0.4,2844.5,"6,925,517.00",6445.4,-0.9,0.8,-0.5,19.9,57.2,0.1,0.1,0.1,0.1,249.4,1.6,-7.2,1.6,1.4,98.5,-0.1,100.3,-0.1,265.3,5,1.2,4.5,40.6,0,0.1,0,27.4,12.3,26.8,-0.5,4.6,-0.1,0.3,-0.2,0,-0.6,-0.5,1,0.9,-0.6,-0.6
12/31/2020,-0.2,109.7,96.2,96.4,10.9,78.8,"17,583.30","13,978.30",95.6,"483,848.20",971.1,12.9,-1.4,320.2,0.5,2927.5,"7,062,130.10",6596.3,-0.9,0.8,-0.5,18.5,63.9,0.1,0.1,0.1,0.1,261.1,1.6,-5.1,1.7,1.4,98.3,0.1,100.3,0,252.8,4.6,1.1,4.2,40.6,0,0.1,0.1,26,11.7,25.5,-0.5,4.5,-0.2,0.2,-0.2,0.1,-0.6,-0.4,1.2,1.1,-0.5,-0.6
